iso3_country,location,year,month,total_emission
ARG,Buenos Aires,2021,1,45804.55491507365
ARG,Buenos Aires,2021,2,44382.44599162486
ARG,Buenos Aires,2021,3,45776.93088134707
ARG,Buenos Aires,2021,4,45427.48681019469
ARG,Buenos Aires,2021,5,46068.47079548949
ARG,Buenos Aires,2021,6,45743.24229164651
ARG,Buenos Aires,2021,7,46369.50824524516
ARG,Buenos Aires,2021,8,46495.36425609168
ARG,Buenos Aires,2021,9,45779.20016494797
ARG,Buenos Aires,2021,10,46560.64442340713
ARG,Buenos Aires,2021,11,46097.37791598275
ARG,Buenos Aires,2021,12,46603.21758540816
ARG,Buenos Aires,2022,1,45884.87497171018
ARG,Buenos Aires,2022,2,44437.85131883348
ARG,Buenos Aires,2022,3,45848.969355164976
ARG,Buenos Aires,2022,4,45675.06874865387
ARG,Buenos Aires,2022,5,46272.708058152624
ARG,Buenos Aires,2022,6,45927.360891423166
ARG,Buenos Aires,2022,7,46483.174269736686
ARG,Buenos Aires,2022,8,46600.08928344323
ARG,Buenos Aires,2022,9,46009.17012083208
ARG,Buenos Aires,2022,10,46908.44651513299
ARG,Buenos Aires,2022,11,46472.08203346982
ARG,Buenos Aires,2022,12,46976.66835260124
ARG,Buenos Aires,2023,1,47157.88923255247
ARG,Buenos Aires,2023,2,45712.34722593751
ARG,Buenos Aires,2023,3,47112.25682780939
ARG,Buenos Aires,2023,4,46240.14953297732
ARG,Buenos Aires,2023,5,46783.4800026573
ARG,Buenos Aires,2023,6,46420.37027488475
ARG,Buenos Aires,2023,7,47060.27316692784
ARG,Buenos Aires,2023,8,47150.58799558745
ARG,Buenos Aires,2023,9,46503.75251231605
ARG,Buenos Aires,2023,10,46715.79331946604
ARG,Buenos Aires,2023,11,46289.76082234761
ARG,Buenos Aires,2023,12,46798.16267348112
ARG,Buenos Aires,2024,1,47005.533922068105
ARG,Buenos Aires,2024,2,46031.91686070477
ARG,Buenos Aires,2024,3,46955.64106040343
ARG,Buenos Aires,2024,4,46637.74006513741
ARG,Buenos Aires,2024,5,47107.35114490388
ARG,Buenos Aires,2024,6,46777.08369238668
ARG,Buenos Aires,2024,7,47369.78136853118
ARG,Buenos Aires,2024,8,47423.09910730784
ARG,Buenos Aires,2024,9,46767.20629816377
ARG,Buenos Aires,2024,10,47295.07720825308
ARG,Buenos Aires,2024,11,46919.00731366935
ARG,Buenos Aires,2024,12,47401.21640855048
ARG,Buenos Aires,2025,1,47335.09120694192
ARG,Buenos Aires,2025,2,45855.34117033757
ARG,Buenos Aires,2025,3,47287.19960709349
ARG,Buenos Aires,2025,4,46701.03875892301
ARG,Buenos Aires,2025,5,47201.05839813255
ARG,Buenos Aires,2025,6,46907.25896902752
ARG,Buenos Aires,2025,7,47489.72739066917
ARG,Buenos Aires,2025,8,47610.879330787386
ARG,Buenos Aires,2025,9,46965.61777795976
ARG,Buenos Aires,2025,10,47498.92226943844
ARG,Buenos Aires,2025,11,47082.17512966815
ARG,Buenos Aires,2025,12,47591.39095762033
ARG,Buenos Aires,2026,1,47287.78956939676
ARG,Buenos Aires,2026,2,45792.437993570216
ARG,Buenos Aires,2026,3,47228.43702696999
ARG,Buenos Aires,2026,4,46767.66943236472
ARG,Buenos Aires,2026,5,47331.22016752635
ARG,Chubut,2021,1,43527.20401332586
ARG,Chubut,2021,2,43514.671266792175
ARG,Chubut,2021,3,43393.29922241062
ARG,Chubut,2021,4,43544.60003638099
ARG,Chubut,2021,5,43523.52607359247
ARG,Chubut,2021,6,43527.19003211101
ARG,Chubut,2021,7,43607.8408406228
ARG,Chubut,2021,8,43657.72182085805
ARG,Chubut,2021,9,43679.51152901563
ARG,Chubut,2021,10,43842.29855262329
ARG,Chubut,2021,11,43832.7641354856
ARG,Chubut,2021,12,43960.147039973024
ARG,Chubut,2022,1,42937.6282705481
ARG,Chubut,2022,2,42925.43643892697
ARG,Chubut,2022,3,42808.6117200496
ARG,Chubut,2022,4,43068.12409229127
ARG,Chubut,2022,5,43037.45792763039
ARG,Chubut,2022,6,43039.311910724944
ARG,Chubut,2022,7,43139.73877392461
ARG,Chubut,2022,8,43180.48282207119
ARG,Chubut,2022,9,43203.33213601456
ARG,Chubut,2022,10,43469.28500001532
ARG,Chubut,2022,11,43461.735293489495
ARG,Chubut,2022,12,43511.52639589724
ARG,Chubut,2023,1,43748.120080000655
ARG,Chubut,2023,2,43737.314253656565
ARG,Chubut,2023,3,43615.16969395815
ARG,Chubut,2023,4,43384.09307709675
ARG,Chubut,2023,5,43358.05029310736
ARG,Chubut,2023,6,43353.855824743965
ARG,Chubut,2023,7,43459.58689548089
ARG,Chubut,2023,8,43496.659526776806
ARG,Chubut,2023,9,43527.43814193797
ARG,Chubut,2023,10,43295.93836656612
ARG,Chubut,2023,11,43288.69238931339
ARG,Chubut,2023,12,43424.96482499739
ARG,Chubut,2024,1,44045.574442032754
ARG,Chubut,2024,2,44044.30923480935
ARG,Chubut,2024,3,43917.49571833306
ARG,Chubut,2024,4,43861.9794395737
ARG,Chubut,2024,5,43838.148464188016
ARG,Chubut,2024,6,43838.552607744736
ARG,Chubut,2024,7,43929.265321361534
ARG,Chubut,2024,8,43939.78555846959
ARG,Chubut,2024,9,43964.22910014626
ARG,Chubut,2024,10,44027.89474169596
ARG,Chubut,2024,11,44021.72225701004
ARG,Chubut,2024,12,44156.80251759043
ARG,Chubut,2025,1,44032.4144728577
ARG,Chubut,2025,2,44020.38666273831
ARG,Chubut,2025,3,43897.0888021139
ARG,Chubut,2025,4,43844.80542443216
ARG,Chubut,2025,5,43820.68685647523
ARG,Chubut,2025,6,43821.98475237032
ARG,Chubut,2025,7,43923.76534818049
ARG,Chubut,2025,8,43965.6357318779
ARG,Chubut,2025,9,43989.54344687889
ARG,Chubut,2025,10,44010.244036213575
ARG,Chubut,2025,11,44004.43160737781
ARG,Chubut,2025,12,44134.42631265208
ARG,Chubut,2026,1,44023.49684651342
ARG,Chubut,2026,2,44007.62435256522
ARG,Chubut,2026,3,43897.36504487688
ARG,Chubut,2026,4,43841.83687139816
ARG,Chubut,2026,5,43826.87510227679
ARG,Córdoba,2021,1,17441.568857737933
ARG,Córdoba,2021,2,16713.473212332316
ARG,Córdoba,2021,3,17466.92108942551
ARG,Córdoba,2021,4,17342.813937988645
ARG,Córdoba,2021,5,17583.613125660973
ARG,Córdoba,2021,6,17367.886455740278
ARG,Córdoba,2021,7,17774.593488098642
ARG,Córdoba,2021,8,17746.69494549276
ARG,Córdoba,2021,9,17547.452939687726
ARG,Córdoba,2021,10,18014.709392648107
ARG,Córdoba,2021,11,17698.050945973315
ARG,Córdoba,2021,12,17916.7915005251
ARG,Córdoba,2022,1,17652.37122997893
ARG,Córdoba,2022,2,16906.341573910235
ARG,Córdoba,2022,3,17663.955194605376
ARG,Córdoba,2022,4,17735.60887422023
ARG,Córdoba,2022,5,17869.48608802199
ARG,Córdoba,2022,6,17780.483124533435
ARG,Córdoba,2022,7,18225.468355045727
ARG,Córdoba,2022,8,18330.18569083264
ARG,Córdoba,2022,9,18284.87547410648
ARG,Córdoba,2022,10,18638.748717624767
ARG,Córdoba,2022,11,18097.35746350989
ARG,Córdoba,2022,12,18263.78869178055
ARG,Córdoba,2023,1,18336.60288233535
ARG,Córdoba,2023,2,17598.69291045132
ARG,Córdoba,2023,3,18340.249233633014
ARG,Córdoba,2023,4,17894.990423192015
ARG,Córdoba,2023,5,18140.061996170345
ARG,Córdoba,2023,6,17911.178237361488
ARG,Córdoba,2023,7,18312.752709253396
ARG,Córdoba,2023,8,18317.10648425165
ARG,Córdoba,2023,9,18115.847064424597
ARG,Córdoba,2023,10,18248.15827660858
ARG,Córdoba,2023,11,17973.38986254707
ARG,Córdoba,2023,12,18192.263525862072
ARG,Córdoba,2024,1,18289.62257088914
ARG,Córdoba,2024,2,17783.036471418996
ARG,Córdoba,2024,3,18279.875622061816
ARG,Córdoba,2024,4,18034.782306595564
ARG,Córdoba,2024,5,18253.706327434007
ARG,Córdoba,2024,6,18041.62567052
ARG,Córdoba,2024,7,18433.964873307763
ARG,Córdoba,2024,8,18434.82688759519
ARG,Córdoba,2024,9,18233.20168550587
ARG,Córdoba,2024,10,18509.36577141905
ARG,Córdoba,2024,11,18271.91877761497
ARG,Córdoba,2024,12,18441.98150997253
ARG,Córdoba,2025,1,18424.582187174565
ARG,Córdoba,2025,2,17646.893928637634
ARG,Córdoba,2025,3,18430.421076698352
ARG,Córdoba,2025,4,18124.213375513184
ARG,Córdoba,2025,5,18380.63194888621
ARG,Córdoba,2025,6,18142.33702922401
ARG,Córdoba,2025,7,18564.974365674505
ARG,Córdoba,2025,8,18567.39706229308
ARG,Córdoba,2025,9,18376.51463847437
ARG,Córdoba,2025,10,18716.670220702
ARG,Córdoba,2025,11,18435.161124403145
ARG,Córdoba,2025,12,18635.17838502202
ARG,Córdoba,2026,1,18544.625027821858
ARG,Córdoba,2026,2,17761.346360293675
ARG,Córdoba,2026,3,18553.284418735035
ARG,Córdoba,2026,4,18245.61981208769
ARG,Córdoba,2026,5,18400.606124462018
BOL,Santa Cruz,2021,1,35847.42703364292
BOL,Santa Cruz,2021,2,35691.57449200083
BOL,Santa Cruz,2021,3,35726.81603691019
BOL,Santa Cruz,2021,4,35679.74927241888
BOL,Santa Cruz,2021,5,35867.171780011966
BOL,Santa Cruz,2021,6,35995.449695602314
BOL,Santa Cruz,2021,7,36141.26981915413
BOL,Santa Cruz,2021,8,36706.17200341822
BOL,Santa Cruz,2021,9,37459.74235339802
BOL,Santa Cruz,2021,10,37464.12757706088
BOL,Santa Cruz,2021,11,36524.685596921416
BOL,Santa Cruz,2021,12,35963.25799392071
BOL,Santa Cruz,2022,1,34029.91500007405
BOL,Santa Cruz,2022,2,33973.016108194344
BOL,Santa Cruz,2022,3,33992.26463487722
BOL,Santa Cruz,2022,4,33948.42584572489
BOL,Santa Cruz,2022,5,34118.35480788235
BOL,Santa Cruz,2022,6,34187.880126296724
BOL,Santa Cruz,2022,7,34279.871035454176
BOL,Santa Cruz,2022,8,34969.172728398946
BOL,Santa Cruz,2022,9,35512.43891370421
BOL,Santa Cruz,2022,10,35735.976431923926
BOL,Santa Cruz,2022,11,34759.4886562247
BOL,Santa Cruz,2022,12,34168.62807870211
BOL,Santa Cruz,2023,1,32741.232558313084
BOL,Santa Cruz,2023,2,32578.12803278359
BOL,Santa Cruz,2023,3,32626.88926819104
BOL,Santa Cruz,2023,4,32564.691981296222
BOL,Santa Cruz,2023,5,32715.856195936063
BOL,Santa Cruz,2023,6,32825.193137359674
BOL,Santa Cruz,2023,7,32886.08406663578
BOL,Santa Cruz,2023,8,33397.63329217829
BOL,Santa Cruz,2023,9,33926.49825814938
BOL,Santa Cruz,2023,10,34027.20187562172
BOL,Santa Cruz,2023,11,33265.23448739446
BOL,Santa Cruz,2023,12,32799.146182540804
BOL,Santa Cruz,2024,1,31758.38316382237
BOL,Santa Cruz,2024,2,31606.831134397657
BOL,Santa Cruz,2024,3,31646.996500638084
BOL,Santa Cruz,2024,4,31588.78590920703
BOL,Santa Cruz,2024,5,31721.48839485561
BOL,Santa Cruz,2024,6,31834.674237294817
BOL,Santa Cruz,2024,7,31897.011851927015
BOL,Santa Cruz,2024,8,32410.35522148872
BOL,Santa Cruz,2024,9,32941.19678321406
BOL,Santa Cruz,2024,10,33060.633662479086
BOL,Santa Cruz,2024,11,32280.986073332188
BOL,Santa Cruz,2024,12,31811.687830819817
BOL,Santa Cruz,2025,1,30992.46083807007
BOL,Santa Cruz,2025,2,30784.50063491174
BOL,Santa Cruz,2025,3,30874.13880743975
BOL,Santa Cruz,2025,4,30817.88855073588
BOL,Santa Cruz,2025,5,30933.86173292004
BOL,Santa Cruz,2025,6,31070.534158856422
BOL,Santa Cruz,2025,7,31128.21190769557
BOL,Santa Cruz,2025,8,31677.0632157188
BOL,Santa Cruz,2025,9,32250.449066742374
BOL,Santa Cruz,2025,10,32364.5104941762
BOL,Santa Cruz,2025,11,31546.6038733454
BOL,Santa Cruz,2025,12,31033.92887040484
BOL,Santa Cruz,2026,1,30998.717330509608
BOL,Santa Cruz,2026,2,30789.94236483611
BOL,Santa Cruz,2026,3,30879.80926955761
BOL,Santa Cruz,2026,4,30822.624887431903
BOL,Santa Cruz,2026,5,30957.857216389577
BRA,Espírito Santo,2021,1,15627.344228446844
BRA,Espírito Santo,2021,2,15520.65114935238
BRA,Espírito Santo,2021,3,15129.381672194637
BRA,Espírito Santo,2021,4,15093.334286838028
BRA,Espírito Santo,2021,5,15142.069235370787
BRA,Espírito Santo,2021,6,15772.416420789988
BRA,Espírito Santo,2021,7,16021.985873080494
BRA,Espírito Santo,2021,8,15976.187345161015
BRA,Espírito Santo,2021,9,15865.534440056614
BRA,Espírito Santo,2021,10,15864.089592659504
BRA,Espírito Santo,2021,11,15947.6989486193
BRA,Espírito Santo,2021,12,15789.326509971546
BRA,Espírito Santo,2022,1,14947.700110905982
BRA,Espírito Santo,2022,2,14870.675502516528
BRA,Espírito Santo,2022,3,14938.57623491095
BRA,Espírito Santo,2022,4,14985.113329406951
BRA,Espírito Santo,2022,5,15013.649269254014
BRA,Espírito Santo,2022,6,15189.277749791368
BRA,Espírito Santo,2022,7,15056.481131561246
BRA,Espírito Santo,2022,8,15059.38150333794
BRA,Espírito Santo,2022,9,15091.134563520987
BRA,Espírito Santo,2022,10,15111.925594871722
BRA,Espírito Santo,2022,11,15097.629756853632
BRA,Espírito Santo,2022,12,15125.190210774215
BRA,Espírito Santo,2023,1,15208.384708174908
BRA,Espírito Santo,2023,2,15133.608902127253
BRA,Espírito Santo,2023,3,15197.83324868113
BRA,Espírito Santo,2023,4,15197.787656151975
BRA,Espírito Santo,2023,5,15231.04776934793
BRA,Espírito Santo,2023,6,15444.626637836369
BRA,Espírito Santo,2023,7,15284.930823117964
BRA,Espírito Santo,2023,8,15278.927853294375
BRA,Espírito Santo,2023,9,15326.36871965308
BRA,Espírito Santo,2023,10,15297.655638493015
BRA,Espírito Santo,2023,11,15279.505806485224
BRA,Espírito Santo,2023,12,15313.552598342849
BRA,Espírito Santo,2024,1,14963.239756451458
BRA,Espírito Santo,2024,2,14913.10249521935
BRA,Espírito Santo,2024,3,14959.948779992745
BRA,Espírito Santo,2024,4,14912.993996017238
BRA,Espírito Santo,2024,5,14944.15823072413
BRA,Espírito Santo,2024,6,15142.412160461668
BRA,Espírito Santo,2024,7,14994.293237182508
BRA,Espírito Santo,2024,8,14993.597690806371
BRA,Espírito Santo,2024,9,15034.33175222405
BRA,Espírito Santo,2024,10,14997.32943885558
BRA,Espírito Santo,2024,11,14977.01542355638
BRA,Espírito Santo,2024,12,15004.592328163111
BRA,Espírito Santo,2025,1,15106.194664381535
BRA,Espírito Santo,2025,2,15039.742901424572
BRA,Espírito Santo,2025,3,15102.96139185729
BRA,Espírito Santo,2025,4,15069.543341076818
BRA,Espírito Santo,2025,5,15090.505834349917
BRA,Espírito Santo,2025,6,15354.34097912595
BRA,Espírito Santo,2025,7,15155.763015811925
BRA,Espírito Santo,2025,8,15151.495219998433
BRA,Espírito Santo,2025,9,15212.05090193174
BRA,Espírito Santo,2025,10,15155.06063748015
BRA,Espírito Santo,2025,11,15133.2156566536
BRA,Espírito Santo,2025,12,15161.293247345016
BRA,Espírito Santo,2026,1,15106.150278110938
BRA,Espírito Santo,2026,2,15038.541268912291
BRA,Espírito Santo,2026,3,15095.65843169337
BRA,Espírito Santo,2026,4,15065.839481122694
BRA,Espírito Santo,2026,5,15094.37658709159
BRA,Goiás,2021,1,109081.01858565515
BRA,Goiás,2021,2,109639.36745554733
BRA,Goiás,2021,3,107766.97446814112
BRA,Goiás,2021,4,109406.51750600083
BRA,Goiás,2021,5,110880.44308018206
BRA,Goiás,2021,6,112498.95981588584
BRA,Goiás,2021,7,114179.49703093042
BRA,Goiás,2021,8,114751.19179930985
BRA,Goiás,2021,9,116258.02307338368
BRA,Goiás,2021,10,112288.02428826336
BRA,Goiás,2021,11,111298.93671691792
BRA,Goiás,2021,12,109997.98206010873
BRA,Goiás,2022,1,110049.73767090536
BRA,Goiás,2022,2,110381.3596610076
BRA,Goiás,2022,3,111510.82541925964
BRA,Goiás,2022,4,112540.1427412687
BRA,Goiás,2022,5,114427.09309156927
BRA,Goiás,2022,6,114549.92685491564
BRA,Goiás,2022,7,115091.56580962488
BRA,Goiás,2022,8,115935.55908822562
BRA,Goiás,2022,9,117580.0104215104
BRA,Goiás,2022,10,113445.22144024368
BRA,Goiás,2022,11,112312.26737936336
BRA,Goiás,2022,12,111146.52126024026
BRA,Goiás,2023,1,110665.095998935
BRA,Goiás,2023,2,112341.48416827992
BRA,Goiás,2023,3,112770.55737821912
BRA,Goiás,2023,4,113321.04904061071
BRA,Goiás,2023,5,115780.46978421144
BRA,Goiás,2023,6,115980.82301436656
BRA,Goiás,2023,7,116540.96379373604
BRA,Goiás,2023,8,117016.71351260808
BRA,Goiás,2023,9,118347.10292351776
BRA,Goiás,2023,10,113805.38269297408
BRA,Goiás,2023,11,113125.19403556237
BRA,Goiás,2023,12,112542.5552123724
BRA,Goiás,2024,1,112222.3748163578
BRA,Goiás,2024,2,112491.8888095
BRA,Goiás,2024,3,112656.24477949768
BRA,Goiás,2024,4,113045.65115571611
BRA,Goiás,2024,5,115475.30188354394
BRA,Goiás,2024,6,115564.11127669578
BRA,Goiás,2024,7,116127.82315977152
BRA,Goiás,2024,8,116314.28856615936
BRA,Goiás,2024,9,117555.20189892226
BRA,Goiás,2024,10,113506.5163378142
BRA,Goiás,2024,11,112598.76667134216
BRA,Goiás,2024,12,111759.48110818834
BRA,Goiás,2025,1,111548.75538816268
BRA,Goiás,2025,2,111830.54977811406
BRA,Goiás,2025,3,112608.07343209528
BRA,Goiás,2025,4,113138.14142539212
BRA,Goiás,2025,5,115601.98569845752
BRA,Goiás,2025,6,115725.52787771104
BRA,Goiás,2025,7,116245.56848040888
BRA,Goiás,2025,8,116801.47863566328
BRA,Goiás,2025,9,118147.41749221052
BRA,Goiás,2025,10,113827.53579704827
BRA,Goiás,2025,11,112809.2056726903
BRA,Goiás,2025,12,112064.64162432138
BRA,Goiás,2026,1,111059.2426543318
BRA,Goiás,2026,2,112627.96882404503
BRA,Goiás,2026,3,112899.47973575271
BRA,Goiás,2026,4,113092.78725444197
BRA,Goiás,2026,5,115602.51930912044
BRA,Minas Gerais,2021,1,168619.75179514653
BRA,Minas Gerais,2021,2,168719.35349497964
BRA,Minas Gerais,2021,3,165694.29111720188
BRA,Minas Gerais,2021,4,169522.14209133553
BRA,Minas Gerais,2021,5,170457.4132557215
BRA,Minas Gerais,2021,6,173667.9163910045
BRA,Minas Gerais,2021,7,177604.9758695295
BRA,Minas Gerais,2021,8,177566.71782901065
BRA,Minas Gerais,2021,9,177282.4790640418
BRA,Minas Gerais,2021,10,173541.6553860671
BRA,Minas Gerais,2021,11,172373.19309509094
BRA,Minas Gerais,2021,12,170372.07162394084
BRA,Minas Gerais,2022,1,164667.88265632934
BRA,Minas Gerais,2022,2,164719.14470615282
BRA,Minas Gerais,2022,3,167736.29307479312
BRA,Minas Gerais,2022,4,173124.2918761548
BRA,Minas Gerais,2022,5,174432.49806256266
BRA,Minas Gerais,2022,6,173125.38849812682
BRA,Minas Gerais,2022,7,174190.74662681785
BRA,Minas Gerais,2022,8,175336.93939208667
BRA,Minas Gerais,2022,9,176691.84304656982
BRA,Minas Gerais,2022,10,171191.52929566716
BRA,Minas Gerais,2022,11,168890.11032305655
BRA,Minas Gerais,2022,12,168096.6722337173
BRA,Minas Gerais,2023,1,167566.60659707198
BRA,Minas Gerais,2023,2,168622.86280749674
BRA,Minas Gerais,2023,3,170491.8873189574
BRA,Minas Gerais,2023,4,174972.0770944712
BRA,Minas Gerais,2023,5,176931.8513231717
BRA,Minas Gerais,2023,6,175990.74226788248
BRA,Minas Gerais,2023,7,176908.8589808655
BRA,Minas Gerais,2023,8,178419.15905480937
BRA,Minas Gerais,2023,9,179686.88783885102
BRA,Minas Gerais,2023,10,172272.04627771393
BRA,Minas Gerais,2023,11,170652.96655539004
BRA,Minas Gerais,2023,12,170791.907831476
BRA,Minas Gerais,2024,1,169140.23197234422
BRA,Minas Gerais,2024,2,169231.1342731696
BRA,Minas Gerais,2024,3,169844.21495266823
BRA,Minas Gerais,2024,4,174121.65112934352
BRA,Minas Gerais,2024,5,175529.28753233002
BRA,Minas Gerais,2024,6,174544.99187704836
BRA,Minas Gerais,2024,7,175544.38614093832
BRA,Minas Gerais,2024,8,176374.06611392845
BRA,Minas Gerais,2024,9,177820.91094508505
BRA,Minas Gerais,2024,10,170986.0844724473
BRA,Minas Gerais,2024,11,169302.91496100213
BRA,Minas Gerais,2024,12,169782.86939139036
BRA,Minas Gerais,2025,1,168113.86422146444
BRA,Minas Gerais,2025,2,168275.8574856492
BRA,Minas Gerais,2025,3,170195.22168571272
BRA,Minas Gerais,2025,4,174033.02837087467
BRA,Minas Gerais,2025,5,175407.88285527466
BRA,Minas Gerais,2025,6,174808.04068475927
BRA,Minas Gerais,2025,7,175642.23304558854
BRA,Minas Gerais,2025,8,176957.55813635897
BRA,Minas Gerais,2025,9,178744.0965396592
BRA,Minas Gerais,2025,10,171354.45420419067
BRA,Minas Gerais,2025,11,169098.945124804
BRA,Minas Gerais,2025,12,169957.8066069698
BRA,Minas Gerais,2026,1,167548.35644903796
BRA,Minas Gerais,2026,2,168415.42275138706
BRA,Minas Gerais,2026,3,169728.36947466986
BRA,Minas Gerais,2026,4,173452.84272254573
BRA,Minas Gerais,2026,5,175364.6607476928
BRA,Pernambuco,2021,1,29194.499022712243
BRA,Pernambuco,2021,2,28563.14793494449
BRA,Pernambuco,2021,3,27690.26954339767
BRA,Pernambuco,2021,4,27375.929512010145
BRA,Pernambuco,2021,5,27569.73379866902
BRA,Pernambuco,2021,6,28389.58591020739
BRA,Pernambuco,2021,7,29295.13939264402
BRA,Pernambuco,2021,8,29351.224045540508
BRA,Pernambuco,2021,9,28948.4795479158
BRA,Pernambuco,2021,10,29233.108862654557
BRA,Pernambuco,2021,11,29597.12546418965
BRA,Pernambuco,2021,12,29200.09370994987
BRA,Pernambuco,2022,1,27674.123636071185
BRA,Pernambuco,2022,2,27040.425629260582
BRA,Pernambuco,2022,3,27158.71020191932
BRA,Pernambuco,2022,4,25903.539095985307
BRA,Pernambuco,2022,5,26047.3416865058
BRA,Pernambuco,2022,6,26263.831751056798
BRA,Pernambuco,2022,7,26936.043205372134
BRA,Pernambuco,2022,8,27066.872843369445
BRA,Pernambuco,2022,9,26975.769798988196
BRA,Pernambuco,2022,10,27583.693359743334
BRA,Pernambuco,2022,11,27463.034859026186
BRA,Pernambuco,2022,12,27831.16814161813
BRA,Pernambuco,2023,1,28014.35775616974
BRA,Pernambuco,2023,2,27224.36198787865
BRA,Pernambuco,2023,3,27280.212584558987
BRA,Pernambuco,2023,4,27164.330800543827
BRA,Pernambuco,2023,5,27393.58691989772
BRA,Pernambuco,2023,6,27215.673380695407
BRA,Pernambuco,2023,7,27309.06006919372
BRA,Pernambuco,2023,8,27575.938719650338
BRA,Pernambuco,2023,9,27512.43372793534
BRA,Pernambuco,2023,10,27732.87572629225
BRA,Pernambuco,2023,11,27864.00909127384
BRA,Pernambuco,2023,12,27968.31706385361
BRA,Pernambuco,2024,1,28106.65752486108
BRA,Pernambuco,2024,2,27521.92662487068
BRA,Pernambuco,2024,3,27470.888418397797
BRA,Pernambuco,2024,4,25856.057083725733
BRA,Pernambuco,2024,5,27376.66012073659
BRA,Pernambuco,2024,6,27240.75629246462
BRA,Pernambuco,2024,7,27423.355208430068
BRA,Pernambuco,2024,8,27554.889020688468
BRA,Pernambuco,2024,9,27517.458690316755
BRA,Pernambuco,2024,10,27684.78290866955
BRA,Pernambuco,2024,11,27817.722360415584
BRA,Pernambuco,2024,12,27923.719518353508
BRA,Pernambuco,2025,1,28170.73714266642
BRA,Pernambuco,2025,2,27450.19329138451
BRA,Pernambuco,2025,3,27419.475550271345
BRA,Pernambuco,2025,4,27181.667080908963
BRA,Pernambuco,2025,5,27355.57617232276
BRA,Pernambuco,2025,6,27206.340337254365
BRA,Pernambuco,2025,7,27237.965430119377
BRA,Pernambuco,2025,8,27550.103592713724
BRA,Pernambuco,2025,9,27518.568390745328
BRA,Pernambuco,2025,10,27724.77743538059
BRA,Pernambuco,2025,11,27757.64137807857
BRA,Pernambuco,2025,12,27989.79448026396
BRA,Pernambuco,2026,1,28154.81850753501
BRA,Pernambuco,2026,2,27440.004548790203
BRA,Pernambuco,2026,3,27460.456733127063
BRA,Pernambuco,2026,4,26975.49819741652
BRA,Pernambuco,2026,5,27369.6031759019
BRA,Piauí,2021,1,25077.95736667146
BRA,Piauí,2021,2,24973.48338111412
BRA,Piauí,2021,3,24393.27534520708
BRA,Piauí,2021,4,24529.711565494697
BRA,Piauí,2021,5,24869.2917112306
BRA,Piauí,2021,6,25657.24485655349
BRA,Piauí,2021,7,26608.867535572917
BRA,Piauí,2021,8,26464.833295192384
BRA,Piauí,2021,9,26432.62318048063
BRA,Piauí,2021,10,26565.804149674343
BRA,Piauí,2021,11,26139.26801667771
BRA,Piauí,2021,12,25754.44306195781
BRA,Piauí,2022,1,24050.654128088237
BRA,Piauí,2022,2,23999.33321794488
BRA,Piauí,2022,3,24201.74625781172
BRA,Piauí,2022,4,24493.104425225385
BRA,Piauí,2022,5,24774.235040898508
BRA,Piauí,2022,6,24789.966378819947
BRA,Piauí,2022,7,25092.01747675829
BRA,Piauí,2022,8,25100.76711431026
BRA,Piauí,2022,9,25327.799849789302
BRA,Piauí,2022,10,25743.384325549545
BRA,Piauí,2022,11,24988.643587823863
BRA,Piauí,2022,12,25003.778048864715
BRA,Piauí,2023,1,24497.18468766699
BRA,Piauí,2023,2,24445.74425012734
BRA,Piauí,2023,3,24671.937366910013
BRA,Piauí,2023,4,24830.436020992016
BRA,Piauí,2023,5,25266.504125484647
BRA,Piauí,2023,6,25313.358094650823
BRA,Piauí,2023,7,25696.76150516216
BRA,Piauí,2023,8,25655.42335064882
BRA,Piauí,2023,9,25918.464690464592
BRA,Piauí,2023,10,25942.958437151025
BRA,Piauí,2023,11,25280.596116071734
BRA,Piauí,2023,12,25328.66380073975
BRA,Piauí,2024,1,24947.95642160965
BRA,Piauí,2024,2,24919.861878313903
BRA,Piauí,2024,3,25073.09797516416
BRA,Piauí,2024,4,25032.51819230657
BRA,Piauí,2024,5,25311.321994076912
BRA,Piauí,2024,6,25271.30358388667
BRA,Piauí,2024,7,25635.68640362382
BRA,Piauí,2024,8,25585.697997852538
BRA,Piauí,2024,9,25821.890092113157
BRA,Piauí,2024,10,25810.985186912098
BRA,Piauí,2024,11,25157.62730551564
BRA,Piauí,2024,12,25189.437610993387
BRA,Piauí,2025,1,25033.73303155545
BRA,Piauí,2025,2,24980.65944345496
BRA,Piauí,2025,3,24861.97325779138
BRA,Piauí,2025,4,25189.17687490056
BRA,Piauí,2025,5,25323.49374476005
BRA,Piauí,2025,6,25274.35977905886
BRA,Piauí,2025,7,25665.3747140016
BRA,Piauí,2025,8,25614.885347317017
BRA,Piauí,2025,9,25866.01370313969
BRA,Piauí,2025,10,25835.377783381413
BRA,Piauí,2025,11,25110.33278983676
BRA,Piauí,2025,12,25162.73914869172
BRA,Piauí,2026,1,25049.41762362785
BRA,Piauí,2026,2,24663.90308694888
BRA,Piauí,2026,3,24880.805060363644
BRA,Piauí,2026,4,25237.220403526782
BRA,Piauí,2026,5,25328.14573230873
BRA,Rio Grande do Sul,2021,1,131460.620413983
BRA,Rio Grande do Sul,2021,2,130116.83509745936
BRA,Rio Grande do Sul,2021,3,108066.47648297218
BRA,Rio Grande do Sul,2021,4,105714.20077278334
BRA,Rio Grande do Sul,2021,5,106663.0113177894
BRA,Rio Grande do Sul,2021,6,130141.6523547132
BRA,Rio Grande do Sul,2021,7,146597.31027765156
BRA,Rio Grande do Sul,2021,8,144748.82428691923
BRA,Rio Grande do Sul,2021,9,135806.03184694305
BRA,Rio Grande do Sul,2021,10,138211.4203655046
BRA,Rio Grande do Sul,2021,11,143078.10481588545
BRA,Rio Grande do Sul,2021,12,133683.99385507783
BRA,Rio Grande do Sul,2022,1,150532.14271903245
BRA,Rio Grande do Sul,2022,2,148761.42741454937
BRA,Rio Grande do Sul,2022,3,119366.52600564984
BRA,Rio Grande do Sul,2022,4,116481.30132403264
BRA,Rio Grande do Sul,2022,5,117643.77265896068
BRA,Rio Grande do Sul,2022,6,148922.79552518282
BRA,Rio Grande do Sul,2022,7,170310.48093256517
BRA,Rio Grande do Sul,2022,8,168283.14173396036
BRA,Rio Grande do Sul,2022,9,156510.49766083978
BRA,Rio Grande do Sul,2022,10,159632.7158227675
BRA,Rio Grande do Sul,2022,11,166181.79498924848
BRA,Rio Grande do Sul,2022,12,153474.9073739286
BRA,Rio Grande do Sul,2023,1,131611.0613769936
BRA,Rio Grande do Sul,2023,2,130442.1648432981
BRA,Rio Grande do Sul,2023,3,110108.1475322648
BRA,Rio Grande do Sul,2023,4,107925.23532295151
BRA,Rio Grande do Sul,2023,5,108575.81361192008
BRA,Rio Grande do Sul,2023,6,130147.23011087552
BRA,Rio Grande do Sul,2023,7,145264.8444242598
BRA,Rio Grande do Sul,2023,8,143692.47238086443
BRA,Rio Grande do Sul,2023,9,135491.1661762101
BRA,Rio Grande do Sul,2023,10,137672.80378144816
BRA,Rio Grande do Sul,2023,11,142172.82350647674
BRA,Rio Grande do Sul,2023,12,133489.96987869774
BRA,Rio Grande do Sul,2024,1,131178.05729681018
BRA,Rio Grande do Sul,2024,2,129974.4927439154
BRA,Rio Grande do Sul,2024,3,109982.21946677029
BRA,Rio Grande do Sul,2024,4,107453.75082464164
BRA,Rio Grande do Sul,2024,5,108318.82262363004
BRA,Rio Grande do Sul,2024,6,129327.39675116166
BRA,Rio Grande do Sul,2024,7,144489.74680698666
BRA,Rio Grande do Sul,2024,8,142854.6020337303
BRA,Rio Grande do Sul,2024,9,134687.77032991085
BRA,Rio Grande do Sul,2024,10,136716.64385439607
BRA,Rio Grande do Sul,2024,11,141149.56123996727
BRA,Rio Grande do Sul,2024,12,132637.88340448678
BRA,Rio Grande do Sul,2025,1,130946.2734661201
BRA,Rio Grande do Sul,2025,2,129815.07293841758
BRA,Rio Grande do Sul,2025,3,109825.52702904436
BRA,Rio Grande do Sul,2025,4,107473.322848211
BRA,Rio Grande do Sul,2025,5,108094.41621974212
BRA,Rio Grande do Sul,2025,6,129514.62791848552
BRA,Rio Grande do Sul,2025,7,144359.19995617788
BRA,Rio Grande do Sul,2025,8,142760.0278189912
BRA,Rio Grande do Sul,2025,9,134657.76378832024
BRA,Rio Grande do Sul,2025,10,136632.8291998878
BRA,Rio Grande do Sul,2025,11,141173.62959741428
BRA,Rio Grande do Sul,2025,12,132555.5889336426
BRA,Rio Grande do Sul,2026,1,131013.04026782716
BRA,Rio Grande do Sul,2026,2,129866.43047765388
BRA,Rio Grande do Sul,2026,3,109825.46731575076
BRA,Rio Grande do Sul,2026,4,107427.86219231784
BRA,Rio Grande do Sul,2026,5,108271.57243056048
BRA,Rio de Janeiro,2021,1,37084.71167236172
BRA,Rio de Janeiro,2021,2,35970.42064266496
BRA,Rio de Janeiro,2021,3,36006.11425998542
BRA,Rio de Janeiro,2021,4,35603.7625810988
BRA,Rio de Janeiro,2021,5,35985.4575843284
BRA,Rio de Janeiro,2021,6,36747.46294158136
BRA,Rio de Janeiro,2021,7,37947.93559712421
BRA,Rio de Janeiro,2021,8,37824.54025890109
BRA,Rio de Janeiro,2021,9,37175.60475945301
BRA,Rio de Janeiro,2021,10,37741.32058854242
BRA,Rio de Janeiro,2021,11,37546.47445387759
BRA,Rio de Janeiro,2021,12,37465.75333085249
BRA,Rio de Janeiro,2022,1,35727.65595605667
BRA,Rio de Janeiro,2022,2,34653.105216155
BRA,Rio de Janeiro,2022,3,35673.90040304356
BRA,Rio de Janeiro,2022,4,35423.59310943748
BRA,Rio de Janeiro,2022,5,35791.71775787533
BRA,Rio de Janeiro,2022,6,35504.05239477332
BRA,Rio de Janeiro,2022,7,35830.11323733772
BRA,Rio de Janeiro,2022,8,35857.42868624911
BRA,Rio de Janeiro,2022,9,35638.21911008027
BRA,Rio de Janeiro,2022,10,36057.09752391903
BRA,Rio de Janeiro,2022,11,35686.35680715414
BRA,Rio de Janeiro,2022,12,36053.532318269485
BRA,Rio de Janeiro,2023,1,36108.79963397503
BRA,Rio de Janeiro,2023,2,34993.2433022558
BRA,Rio de Janeiro,2023,3,36054.17983974068
BRA,Rio de Janeiro,2023,4,35742.706021302045
BRA,Rio de Janeiro,2023,5,36146.38766080813
BRA,Rio de Janeiro,2023,6,35831.81097365846
BRA,Rio de Janeiro,2023,7,36213.084852063264
BRA,Rio de Janeiro,2023,8,36223.54307606476
BRA,Rio de Janeiro,2023,9,35943.92496326525
BRA,Rio de Janeiro,2023,10,36371.34729175321
BRA,Rio de Janeiro,2023,11,36057.05594171991
BRA,Rio de Janeiro,2023,12,36337.126068205725
BRA,Rio de Janeiro,2024,1,36658.999704929134
BRA,Rio de Janeiro,2024,2,35750.23764539567
BRA,Rio de Janeiro,2024,3,36475.731554990096
BRA,Rio de Janeiro,2024,4,36181.94643709042
BRA,Rio de Janeiro,2024,5,36456.469540399565
BRA,Rio de Janeiro,2024,6,36206.64909398809
BRA,Rio de Janeiro,2024,7,36530.05597571928
BRA,Rio de Janeiro,2024,8,36610.04899287941
BRA,Rio de Janeiro,2024,9,36265.16177600391
BRA,Rio de Janeiro,2024,10,36705.90261827716
BRA,Rio de Janeiro,2024,11,36348.51610938087
BRA,Rio de Janeiro,2024,12,36668.04972453768
BRA,Rio de Janeiro,2025,1,36729.17357740656
BRA,Rio de Janeiro,2025,2,35617.17836458629
BRA,Rio de Janeiro,2025,3,36655.05649953417
BRA,Rio de Janeiro,2025,4,36272.31479016957
BRA,Rio de Janeiro,2025,5,36777.18617473841
BRA,Rio de Janeiro,2025,6,36383.74464611905
BRA,Rio de Janeiro,2025,7,36833.82524715735
BRA,Rio de Janeiro,2025,8,36824.957836793656
BRA,Rio de Janeiro,2025,9,36649.27687619437
BRA,Rio de Janeiro,2025,10,36921.41908981148
BRA,Rio de Janeiro,2025,11,36512.42635870206
BRA,Rio de Janeiro,2025,12,36961.01980740341
BRA,Rio de Janeiro,2026,1,36929.71107387999
BRA,Rio de Janeiro,2026,2,35739.541796966914
BRA,Rio de Janeiro,2026,3,36869.295091418106
BRA,Rio de Janeiro,2026,4,36514.92301249306
BRA,Rio de Janeiro,2026,5,36667.97749754054
BRA,Sergipe,2021,1,9578.89653671971
BRA,Sergipe,2021,2,9500.147060190786
BRA,Sergipe,2021,3,9248.460421462583
BRA,Sergipe,2021,4,9224.207442970666
BRA,Sergipe,2021,5,9280.853918296269
BRA,Sergipe,2021,6,9538.877186659072
BRA,Sergipe,2021,7,9790.44217989758
BRA,Sergipe,2021,8,9777.070932915158
BRA,Sergipe,2021,9,9657.226312471796
BRA,Sergipe,2021,10,9744.119693884446
BRA,Sergipe,2021,11,9768.325443607591
BRA,Sergipe,2021,12,9698.635155634503
BRA,Sergipe,2022,1,8838.759698660522
BRA,Sergipe,2022,2,8772.49625582927
BRA,Sergipe,2022,3,8888.219421108864
BRA,Sergipe,2022,4,8902.612705584392
BRA,Sergipe,2022,5,8956.949391684653
BRA,Sergipe,2022,6,8805.399625474205
BRA,Sergipe,2022,7,8858.564742662462
BRA,Sergipe,2022,8,8941.476551210739
BRA,Sergipe,2022,9,8820.295771883806
BRA,Sergipe,2022,10,8897.712243615237
BRA,Sergipe,2022,11,8872.648993302717
BRA,Sergipe,2022,12,8912.177747330386
BRA,Sergipe,2023,1,9199.305798430232
BRA,Sergipe,2023,2,9132.84913198684
BRA,Sergipe,2023,3,9172.074588028054
BRA,Sergipe,2023,4,9073.817157275424
BRA,Sergipe,2023,5,9136.548704259942
BRA,Sergipe,2023,6,9079.79984664152
BRA,Sergipe,2023,7,9225.132926467188
BRA,Sergipe,2023,8,9231.51659999432
BRA,Sergipe,2023,9,9224.0959857044
BRA,Sergipe,2023,10,9277.143553991353
BRA,Sergipe,2023,11,9241.454259528322
BRA,Sergipe,2023,12,9289.303420447692
BRA,Sergipe,2024,1,9212.346769880336
BRA,Sergipe,2024,2,9166.097496867416
BRA,Sergipe,2024,3,9186.23582010901
BRA,Sergipe,2024,4,9128.025384000215
BRA,Sergipe,2024,5,9213.1495491795
BRA,Sergipe,2024,6,9152.00216953988
BRA,Sergipe,2024,7,9195.89409193662
BRA,Sergipe,2024,8,9212.60834716006
BRA,Sergipe,2024,9,9204.512566414847
BRA,Sergipe,2024,10,9254.739142562335
BRA,Sergipe,2024,11,9214.437340711154
BRA,Sergipe,2024,12,9267.69493456574
BRA,Sergipe,2025,1,9308.51362765778
BRA,Sergipe,2025,2,9225.734240376554
BRA,Sergipe,2025,3,9258.8640562602
BRA,Sergipe,2025,4,9248.872819174476
BRA,Sergipe,2025,5,9352.837865961646
BRA,Sergipe,2025,6,9256.43409347898
BRA,Sergipe,2025,7,9295.7094296752
BRA,Sergipe,2025,8,9188.99446817863
BRA,Sergipe,2025,9,9178.899313988164
BRA,Sergipe,2025,10,9232.520199353195
BRA,Sergipe,2025,11,9305.463281601356
BRA,Sergipe,2025,12,9362.056212248826
BRA,Sergipe,2026,1,9323.005224659451
BRA,Sergipe,2026,2,9242.485833140474
BRA,Sergipe,2026,3,9276.761276310172
BRA,Sergipe,2026,4,9257.311775786477
BRA,Sergipe,2026,5,9356.616695859557
CAN,Alberta,2021,1,203756.540230652
CAN,Alberta,2021,2,207476.64227989197
CAN,Alberta,2021,3,205037.2292089157
CAN,Alberta,2021,4,196930.69913288552
CAN,Alberta,2021,5,190432.56985583247
CAN,Alberta,2021,6,194229.7789630973
CAN,Alberta,2021,7,204595.2089338608
CAN,Alberta,2021,8,206566.66058582268
CAN,Alberta,2021,9,202524.6180742404
CAN,Alberta,2021,10,207022.1108054616
CAN,Alberta,2021,11,211330.5940252065
CAN,Alberta,2021,12,213897.34669874632
CAN,Alberta,2022,1,213360.5408081925
CAN,Alberta,2022,2,217214.7057531672
CAN,Alberta,2022,3,214768.73176035608
CAN,Alberta,2022,4,206168.07956823616
CAN,Alberta,2022,5,199360.17462236644
CAN,Alberta,2022,6,203240.95710332788
CAN,Alberta,2022,7,214201.2313932076
CAN,Alberta,2022,8,216269.4003349628
CAN,Alberta,2022,9,212003.5061393528
CAN,Alberta,2022,10,216500.19847731185
CAN,Alberta,2022,11,221124.5521448117
CAN,Alberta,2022,12,223779.22602693917
CAN,Alberta,2023,1,217487.6388885754
CAN,Alberta,2023,2,221469.49889080532
CAN,Alberta,2023,3,219000.2422387015
CAN,Alberta,2023,4,210040.19325281997
CAN,Alberta,2023,5,203123.5502158281
CAN,Alberta,2023,6,207288.8913184932
CAN,Alberta,2023,7,218324.05157272043
CAN,Alberta,2023,8,220578.09043162377
CAN,Alberta,2023,9,216099.4905301333
CAN,Alberta,2023,10,220980.7961059248
CAN,Alberta,2023,11,225588.40725026795
CAN,Alberta,2023,12,228276.9504074568
CAN,Alberta,2024,1,224142.647627534
CAN,Alberta,2024,2,228260.37661968663
CAN,Alberta,2024,3,225648.77804199996
CAN,Alberta,2024,4,216343.04999921625
CAN,Alberta,2024,5,209274.79442974087
CAN,Alberta,2024,6,213525.44975758647
CAN,Alberta,2024,7,224947.2434825943
CAN,Alberta,2024,8,227266.95526835727
CAN,Alberta,2024,9,222619.7940334844
CAN,Alberta,2024,10,227598.6714728818
CAN,Alberta,2024,11,232419.14837032423
CAN,Alberta,2024,12,235187.52728754704
CAN,Alberta,2025,1,224248.0690212416
CAN,Alberta,2025,2,228420.6320112805
CAN,Alberta,2025,3,225723.510004204
CAN,Alberta,2025,4,216442.01301644504
CAN,Alberta,2025,5,209392.8493803488
CAN,Alberta,2025,6,213610.09757929988
CAN,Alberta,2025,7,224964.79275803693
CAN,Alberta,2025,8,227315.5931271953
CAN,Alberta,2025,9,222675.4264679101
CAN,Alberta,2025,10,227699.49715872703
CAN,Alberta,2025,11,232526.01942959148
CAN,Alberta,2025,12,235417.15681487555
CAN,Alberta,2026,1,224348.97213636583
CAN,Alberta,2026,2,228427.7971574712
CAN,Alberta,2026,3,225826.8718394836
CAN,Alberta,2026,4,216580.82671803565
CAN,Alberta,2026,5,209432.03902050093
CAN,British Columbia,2021,1,40129.57342705989
CAN,British Columbia,2021,2,38464.43161484008
CAN,British Columbia,2021,3,36974.20760917796
CAN,British Columbia,2021,4,36568.6345080303
CAN,British Columbia,2021,5,34697.884809388015
CAN,British Columbia,2021,6,34881.439794868274
CAN,British Columbia,2021,7,36450.639357586064
CAN,British Columbia,2021,8,36469.98417790227
CAN,British Columbia,2021,9,34968.724365111615
CAN,British Columbia,2021,10,36591.59263460168
CAN,British Columbia,2021,11,37584.710894770455
CAN,British Columbia,2021,12,39312.300202544175
CAN,British Columbia,2022,1,38774.55898440707
CAN,British Columbia,2022,2,37876.87953365518
CAN,British Columbia,2022,3,37010.730488809815
CAN,British Columbia,2022,4,36627.0238323254
CAN,British Columbia,2022,5,35138.163640433275
CAN,British Columbia,2022,6,37073.71584136276
CAN,British Columbia,2022,7,37222.2957121938
CAN,British Columbia,2022,8,38536.24648691151
CAN,British Columbia,2022,9,35844.01451350674
CAN,British Columbia,2022,10,37258.14873024055
CAN,British Columbia,2022,11,37383.04186865654
CAN,British Columbia,2022,12,38725.59858393492
CAN,British Columbia,2023,1,41992.15760788687
CAN,British Columbia,2023,2,41037.36155673361
CAN,British Columbia,2023,3,39636.65366174962
CAN,British Columbia,2023,4,39019.254865021874
CAN,British Columbia,2023,5,37704.50970957739
CAN,British Columbia,2023,6,39088.42511995023
CAN,British Columbia,2023,7,40146.84003791634
CAN,British Columbia,2023,8,40149.94056926122
CAN,British Columbia,2023,9,37893.604187091696
CAN,British Columbia,2023,10,39807.60668090042
CAN,British Columbia,2023,11,40338.093439054894
CAN,British Columbia,2023,12,41994.38272068057
CAN,British Columbia,2024,1,44586.44453051852
CAN,British Columbia,2024,2,43340.16630422027
CAN,British Columbia,2024,3,41862.82120280152
CAN,British Columbia,2024,4,41451.042526147445
CAN,British Columbia,2024,5,39150.77570534444
CAN,British Columbia,2024,6,39702.21469476889
CAN,British Columbia,2024,7,41812.95747354585
CAN,British Columbia,2024,8,41831.8022999312
CAN,British Columbia,2024,9,39638.40513347037
CAN,British Columbia,2024,10,41650.96044107421
CAN,British Columbia,2024,11,42317.99051642997
CAN,British Columbia,2024,12,43987.17487505421
CAN,British Columbia,2025,1,42415.2766600947
CAN,British Columbia,2025,2,41532.32013319212
CAN,British Columbia,2025,3,40374.93759736918
CAN,British Columbia,2025,4,39834.08966641395
CAN,British Columbia,2025,5,38045.56411840357
CAN,British Columbia,2025,6,40578.74471619376
CAN,British Columbia,2025,7,41859.37716237254
CAN,British Columbia,2025,8,42123.26052586875
CAN,British Columbia,2025,9,39219.9461654616
CAN,British Columbia,2025,10,40878.50186132847
CAN,British Columbia,2025,11,41036.2421841449
CAN,British Columbia,2025,12,42468.04862636449
CAN,British Columbia,2026,1,42513.05531872148
CAN,British Columbia,2026,2,41744.38188936871
CAN,British Columbia,2026,3,40550.23887640528
CAN,British Columbia,2026,4,39955.25535456333
CAN,British Columbia,2026,5,38106.253622333614
CAN,Québec,2021,1,22548.207696158643
CAN,Québec,2021,2,22218.16261211367
CAN,Québec,2021,3,22055.58287702709
CAN,Québec,2021,4,23820.39910414102
CAN,Québec,2021,5,28613.26678189815
CAN,Québec,2021,6,39928.90809563336
CAN,Québec,2021,7,51328.40475484548
CAN,Québec,2021,8,44225.98221934086
CAN,Québec,2021,9,37429.82545951857
CAN,Québec,2021,10,34030.600853290685
CAN,Québec,2021,11,25728.388536621827
CAN,Québec,2021,12,25874.18433370729
CAN,Québec,2022,1,24091.90538037273
CAN,Québec,2022,2,22297.540820644048
CAN,Québec,2022,3,22242.305591860357
CAN,Québec,2022,4,22266.23773324461
CAN,Québec,2022,5,26053.06724030328
CAN,Québec,2022,6,31146.590035394944
CAN,Québec,2022,7,36581.07671069211
CAN,Québec,2022,8,34293.482296230664
CAN,Québec,2022,9,33811.13733770377
CAN,Québec,2022,10,32699.548737583464
CAN,Québec,2022,11,25191.4827147423
CAN,Québec,2022,12,22914.735325026588
CAN,Québec,2023,1,22671.887215470957
CAN,Québec,2023,2,22440.71250174916
CAN,Québec,2023,3,22543.8362566558
CAN,Québec,2023,4,22756.07096085109
CAN,Québec,2023,5,32109.84392359796
CAN,Québec,2023,6,47739.50090364572
CAN,Québec,2023,7,48804.19955183158
CAN,Québec,2023,8,44790.73585531606
CAN,Québec,2023,9,37805.58199545471
CAN,Québec,2023,10,36303.38460182252
CAN,Québec,2023,11,25799.996504551236
CAN,Québec,2023,12,25136.02832724208
CAN,Québec,2024,1,23462.26214055808
CAN,Québec,2024,2,22975.843468264226
CAN,Québec,2024,3,22749.02787072713
CAN,Québec,2024,4,23425.07353211129
CAN,Québec,2024,5,30796.55254432612
CAN,Québec,2024,6,46938.77135776801
CAN,Québec,2024,7,49582.454263580985
CAN,Québec,2024,8,45334.16728307119
CAN,Québec,2024,9,37878.94463943402
CAN,Québec,2024,10,36270.11625412467
CAN,Québec,2024,11,25548.94460272279
CAN,Québec,2024,12,25024.14425726524
CAN,Québec,2025,1,24943.540448587068
CAN,Québec,2025,2,23509.230366436364
CAN,Québec,2025,3,22651.14646195221
CAN,Québec,2025,4,23001.075177629515
CAN,Québec,2025,5,26590.947532419774
CAN,Québec,2025,6,31843.992042853344
CAN,Québec,2025,7,36805.38857322796
CAN,Québec,2025,8,43942.50753114182
CAN,Québec,2025,9,37042.56786623776
CAN,Québec,2025,10,36100.88432594245
CAN,Québec,2025,11,25400.845051825207
CAN,Québec,2025,12,25122.466975653595
CAN,Québec,2026,1,23483.52013808131
CAN,Québec,2026,2,22763.778154651096
CAN,Québec,2026,3,22837.61720337579
CAN,Québec,2026,4,23627.77938960451
CAN,Québec,2026,5,26678.389923427545
CHN,Beijing,2021,1,23975.248141746684
CHN,Beijing,2021,2,22146.15200092821
CHN,Beijing,2021,3,22515.27166417001
CHN,Beijing,2021,4,21815.689685922483
CHN,Beijing,2021,5,22029.447074684733
CHN,Beijing,2021,6,21772.74539284786
CHN,Beijing,2021,7,22083.008487763134
CHN,Beijing,2021,8,22110.708280564424
CHN,Beijing,2021,9,21722.74640106703
CHN,Beijing,2021,10,22111.40250579788
CHN,Beijing,2021,11,22662.4874938488
CHN,Beijing,2021,12,23586.07891493298
CHN,Beijing,2022,1,23857.14155057358
CHN,Beijing,2022,2,22617.884625014965
CHN,Beijing,2022,3,22863.35635134077
CHN,Beijing,2022,4,22106.01345309292
CHN,Beijing,2022,5,22414.04623477824
CHN,Beijing,2022,6,22260.517218013185
CHN,Beijing,2022,7,22516.07426255905
CHN,Beijing,2022,8,22571.104443984383
CHN,Beijing,2022,9,22103.38901776128
CHN,Beijing,2022,10,22283.13192728945
CHN,Beijing,2022,11,22683.771640025378
CHN,Beijing,2022,12,23965.08773734172
CHN,Beijing,2023,1,24592.78683208709
CHN,Beijing,2023,2,23056.214439058334
CHN,Beijing,2023,3,23197.01970373809
CHN,Beijing,2023,4,22640.206852159823
CHN,Beijing,2023,5,22789.295201704717
CHN,Beijing,2023,6,22589.643668987163
CHN,Beijing,2023,7,22889.67829906445
CHN,Beijing,2023,8,22887.52629406019
CHN,Beijing,2023,9,22524.97589898174
CHN,Beijing,2023,10,22630.99528511764
CHN,Beijing,2023,11,23582.635819550367
CHN,Beijing,2023,12,24767.42656618249
CHN,Beijing,2024,1,24710.490415131582
CHN,Beijing,2024,2,23569.063804231424
CHN,Beijing,2024,3,23371.09363945188
CHN,Beijing,2024,4,22515.98592814718
CHN,Beijing,2024,5,22804.88244897868
CHN,Beijing,2024,6,22580.76015319324
CHN,Beijing,2024,7,22835.73662698813
CHN,Beijing,2024,8,22803.030059173587
CHN,Beijing,2024,9,22488.929964525694
CHN,Beijing,2024,10,22764.67126478824
CHN,Beijing,2024,11,23193.518780095645
CHN,Beijing,2024,12,24432.50150485161
CHN,Beijing,2025,1,24505.77710817136
CHN,Beijing,2025,2,23209.377839927307
CHN,Beijing,2025,3,23245.45275050121
CHN,Beijing,2025,4,22319.210777402
CHN,Beijing,2025,5,22808.077371037067
CHN,Beijing,2025,6,22528.14281306043
CHN,Beijing,2025,7,22689.91601956288
CHN,Beijing,2025,8,22694.721719877867
CHN,Beijing,2025,9,22337.420521638534
CHN,Beijing,2025,10,22867.88997248557
CHN,Beijing,2025,11,23283.35544873243
CHN,Beijing,2025,12,24450.666139217763
CHN,Beijing,2026,1,24706.23204511452
CHN,Beijing,2026,2,22964.51473808372
CHN,Beijing,2026,3,23368.12122917992
CHN,Beijing,2026,4,22551.95728251173
CHN,Beijing,2026,5,22769.236591187684
DEU,Baden-Württemberg,2021,1,19904.91952413629
DEU,Baden-Württemberg,2021,2,19501.914671118822
DEU,Baden-Württemberg,2021,3,19701.343096554145
DEU,Baden-Württemberg,2021,4,20949.78963686873
DEU,Baden-Württemberg,2021,5,20823.61464830447
DEU,Baden-Württemberg,2021,6,20402.8047545794
DEU,Baden-Württemberg,2021,7,21712.709209737397
DEU,Baden-Württemberg,2021,8,21764.201784075914
DEU,Baden-Württemberg,2021,9,21742.18351520708
DEU,Baden-Württemberg,2021,10,19991.88482273861
DEU,Baden-Württemberg,2021,11,20199.016879275136
DEU,Baden-Württemberg,2021,12,20319.79871114952
DEU,Baden-Württemberg,2022,1,19663.34938769112
DEU,Baden-Württemberg,2022,2,19226.01440856175
DEU,Baden-Württemberg,2022,3,19423.818631411134
DEU,Baden-Württemberg,2022,4,20580.296098164607
DEU,Baden-Württemberg,2022,5,20267.58352078114
DEU,Baden-Württemberg,2022,6,20050.807765675538
DEU,Baden-Württemberg,2022,7,21275.48409945366
DEU,Baden-Württemberg,2022,8,21257.38801707028
DEU,Baden-Württemberg,2022,9,21454.617153808194
DEU,Baden-Württemberg,2022,10,19440.919095787285
DEU,Baden-Württemberg,2022,11,19748.902923207246
DEU,Baden-Württemberg,2022,12,20128.45426810492
DEU,Baden-Württemberg,2023,1,19474.632738603657
DEU,Baden-Württemberg,2023,2,19206.58586505693
DEU,Baden-Württemberg,2023,3,19292.391126456117
DEU,Baden-Württemberg,2023,4,20532.46154440476
DEU,Baden-Württemberg,2023,5,20249.448682413156
DEU,Baden-Württemberg,2023,6,19957.27591357264
DEU,Baden-Württemberg,2023,7,21163.03088015903
DEU,Baden-Württemberg,2023,8,21196.253273611943
DEU,Baden-Württemberg,2023,9,21173.25855473112
DEU,Baden-Württemberg,2023,10,19414.29103568809
DEU,Baden-Württemberg,2023,11,19702.940027291123
DEU,Baden-Württemberg,2023,12,19897.45761458933
DEU,Baden-Württemberg,2024,1,19685.22634764365
DEU,Baden-Württemberg,2024,2,19189.80490282458
DEU,Baden-Württemberg,2024,3,19327.69978529033
DEU,Baden-Württemberg,2024,4,20484.351746083856
DEU,Baden-Württemberg,2024,5,20274.569851622706
DEU,Baden-Württemberg,2024,6,20058.866270927814
DEU,Baden-Württemberg,2024,7,21255.679704573675
DEU,Baden-Württemberg,2024,8,21229.4966971343
DEU,Baden-Württemberg,2024,9,21367.292121783943
DEU,Baden-Württemberg,2024,10,19490.953665631743
DEU,Baden-Württemberg,2024,11,19789.01031266077
DEU,Baden-Württemberg,2024,12,20079.729086204905
DEU,Baden-Württemberg,2025,1,19585.33184586668
DEU,Baden-Württemberg,2025,2,19314.24422479287
DEU,Baden-Württemberg,2025,3,19371.179010332467
DEU,Baden-Württemberg,2025,4,20399.636516840477
DEU,Baden-Württemberg,2025,5,20314.33043385232
DEU,Baden-Württemberg,2025,6,20011.339605861674
DEU,Baden-Württemberg,2025,7,21281.51769228048
DEU,Baden-Württemberg,2025,8,21290.848999770307
DEU,Baden-Württemberg,2025,9,21376.90346416009
DEU,Baden-Württemberg,2025,10,19564.93857654055
DEU,Baden-Württemberg,2025,11,19776.601039635287
DEU,Baden-Württemberg,2025,12,19993.8187721396
DEU,Baden-Württemberg,2026,1,19730.139660469664
DEU,Baden-Württemberg,2026,2,19190.340226480923
DEU,Baden-Württemberg,2026,3,19401.10706355737
DEU,Baden-Württemberg,2026,4,20421.01358697675
DEU,Baden-Württemberg,2026,5,20289.24215976022
ESP,Andalucía,2021,1,26751.47976260312
ESP,Andalucía,2021,2,26391.927510051904
ESP,Andalucía,2021,3,26742.29695494574
ESP,Andalucía,2021,4,29734.94618842283
ESP,Andalucía,2021,5,32506.130590726447
ESP,Andalucía,2021,6,32873.58477682624
ESP,Andalucía,2021,7,34510.660231186426
ESP,Andalucía,2021,8,34629.19973430995
ESP,Andalucía,2021,9,32474.65661018163
ESP,Andalucía,2021,10,28152.506502591365
ESP,Andalucía,2021,11,27702.52922596829
ESP,Andalucía,2021,12,27726.487957800608
ESP,Andalucía,2022,1,26356.987326437586
ESP,Andalucía,2022,2,26030.986061785705
ESP,Andalucía,2022,3,26339.635956128597
ESP,Andalucía,2022,4,29178.85219682137
ESP,Andalucía,2022,5,30657.62369750617
ESP,Andalucía,2022,6,30850.844692964667
ESP,Andalucía,2022,7,32517.80230678039
ESP,Andalucía,2022,8,32572.7058989862
ESP,Andalucía,2022,9,31407.769467596263
ESP,Andalucía,2022,10,27534.23568259436
ESP,Andalucía,2022,11,27220.53858967512
ESP,Andalucía,2022,12,27384.128383813637
ESP,Andalucía,2023,1,26259.631685876608
ESP,Andalucía,2023,2,26028.495067767035
ESP,Andalucía,2023,3,26141.71553204545
ESP,Andalucía,2023,4,28709.29021737703
ESP,Andalucía,2023,5,28915.27804942201
ESP,Andalucía,2023,6,28863.40082711271
ESP,Andalucía,2023,7,30530.80465003545
ESP,Andalucía,2023,8,30586.282361865487
ESP,Andalucía,2023,9,30390.35402421215
ESP,Andalucía,2023,10,27253.76030641221
ESP,Andalucía,2023,11,27008.181724834485
ESP,Andalucía,2023,12,27203.75878980971
ESP,Andalucía,2024,1,26202.788119927987
ESP,Andalucía,2024,2,26048.729608096943
ESP,Andalucía,2024,3,26249.705023943505
ESP,Andalucía,2024,4,29087.00651493329
ESP,Andalucía,2024,5,31078.85836714227
ESP,Andalucía,2024,6,31305.937686165
ESP,Andalucía,2024,7,32893.63208080507
ESP,Andalucía,2024,8,33037.37033662321
ESP,Andalucía,2024,9,31560.52616537361
ESP,Andalucía,2024,10,27638.50306833689
ESP,Andalucía,2024,11,27052.854052970302
ESP,Andalucía,2024,12,27346.108927985868
ESP,Andalucía,2025,1,26270.60264062821
ESP,Andalucía,2025,2,26042.185042882236
ESP,Andalucía,2025,3,26321.56715962756
ESP,Andalucía,2025,4,29113.466943638523
ESP,Andalucía,2025,5,31135.899383440727
ESP,Andalucía,2025,6,31326.49575015439
ESP,Andalucía,2025,7,33046.36784365763
ESP,Andalucía,2025,8,33178.36487846724
ESP,Andalucía,2025,9,31618.746996328773
ESP,Andalucía,2025,10,27687.593930727307
ESP,Andalucía,2025,11,27160.587385291998
ESP,Andalucía,2025,12,27328.202165297305
ESP,Andalucía,2026,1,26290.982512365223
ESP,Andalucía,2026,2,26078.25459467352
ESP,Andalucía,2026,3,26482.876463551544
ESP,Andalucía,2026,4,29208.105016859397
ESP,Andalucía,2026,5,31081.300446357607
IDN,Jawa Barat,2021,1,124066.95096511024
IDN,Jawa Barat,2021,2,113170.03271431231
IDN,Jawa Barat,2021,3,110079.28530392582
IDN,Jawa Barat,2021,4,111903.08439580852
IDN,Jawa Barat,2021,5,144910.09362462477
IDN,Jawa Barat,2021,6,147486.9377309701
IDN,Jawa Barat,2021,7,144459.07847016442
IDN,Jawa Barat,2021,8,126088.7140763689
IDN,Jawa Barat,2021,9,107629.14344749384
IDN,Jawa Barat,2021,10,110881.76138507752
IDN,Jawa Barat,2021,11,116544.60818785153
IDN,Jawa Barat,2021,12,125826.69275484842
IDN,Jawa Barat,2022,1,140413.3037780025
IDN,Jawa Barat,2022,2,128865.329657871
IDN,Jawa Barat,2022,3,125267.04539970204
IDN,Jawa Barat,2022,4,127526.1241826863
IDN,Jawa Barat,2022,5,161290.604954262
IDN,Jawa Barat,2022,6,163751.56630589862
IDN,Jawa Barat,2022,7,160539.42919092195
IDN,Jawa Barat,2022,8,141309.97216107103
IDN,Jawa Barat,2022,9,122291.47091334737
IDN,Jawa Barat,2022,10,126347.3467466718
IDN,Jawa Barat,2022,11,132306.97670808458
IDN,Jawa Barat,2022,12,142051.7898207025
IDN,Jawa Barat,2023,1,154223.8198982103
IDN,Jawa Barat,2023,2,141439.9101949499
IDN,Jawa Barat,2023,3,137070.99741168047
IDN,Jawa Barat,2023,4,139583.085817158
IDN,Jawa Barat,2023,5,177927.78039413106
IDN,Jawa Barat,2023,6,180856.08875703832
IDN,Jawa Barat,2023,7,177185.73854959244
IDN,Jawa Barat,2023,8,155296.78272723744
IDN,Jawa Barat,2023,9,133725.32760154456
IDN,Jawa Barat,2023,10,138118.93714277967
IDN,Jawa Barat,2023,11,145085.8402911149
IDN,Jawa Barat,2023,12,156058.24780650216
IDN,Jawa Barat,2024,1,158627.84750899434
IDN,Jawa Barat,2024,2,160040.09827223007
IDN,Jawa Barat,2024,3,161658.93628656655
IDN,Jawa Barat,2024,4,159531.8222591715
IDN,Jawa Barat,2024,5,149038.93303895954
IDN,Jawa Barat,2024,6,150558.3733204279
IDN,Jawa Barat,2024,7,152970.10926512736
IDN,Jawa Barat,2024,8,152192.49344253383
IDN,Jawa Barat,2024,9,145774.1726793366
IDN,Jawa Barat,2024,10,143785.45663855615
IDN,Jawa Barat,2024,11,138342.65223329386
IDN,Jawa Barat,2024,12,146979.65960552535
IDN,Jawa Barat,2025,1,159165.64014549623
IDN,Jawa Barat,2025,2,159715.2050404893
IDN,Jawa Barat,2025,3,162158.35445579945
IDN,Jawa Barat,2025,4,159765.82673130254
IDN,Jawa Barat,2025,5,149542.34384640137
IDN,Jawa Barat,2025,6,150803.78247486748
IDN,Jawa Barat,2025,7,153455.99579593271
IDN,Jawa Barat,2025,8,152679.2649156223
IDN,Jawa Barat,2025,9,146253.73981451403
IDN,Jawa Barat,2025,10,144231.69306762228
IDN,Jawa Barat,2025,11,138836.05799875475
IDN,Jawa Barat,2025,12,147463.98791386664
IDN,Jawa Barat,2026,1,159386.5928373624
IDN,Jawa Barat,2026,2,159920.8515521703
IDN,Jawa Barat,2026,3,162363.74553721337
IDN,Jawa Barat,2026,4,159975.81166134315
IDN,Jawa Barat,2026,5,149591.1242425594
IDN,Palembang City,2021,1,3654.866093572347
IDN,Palembang City,2021,2,3520.664520014922
IDN,Palembang City,2021,3,3476.0155176494
IDN,Palembang City,2021,4,3518.1113853748984
IDN,Palembang City,2021,5,3558.144099871833
IDN,Palembang City,2021,6,3504.927832466883
IDN,Palembang City,2021,7,3501.2101045326453
IDN,Palembang City,2021,8,3417.34507098207
IDN,Palembang City,2021,9,3346.487302030628
IDN,Palembang City,2021,10,3492.174332526328
IDN,Palembang City,2021,11,3540.7112205264693
IDN,Palembang City,2021,12,3621.579507047581
IDN,Palembang City,2022,1,4448.628772392042
IDN,Palembang City,2022,2,4290.800056943951
IDN,Palembang City,2022,3,4227.198831935692
IDN,Palembang City,2022,4,4282.24968813624
IDN,Palembang City,2022,5,4314.285812309373
IDN,Palembang City,2022,6,4249.0520937324345
IDN,Palembang City,2022,7,4244.015263418727
IDN,Palembang City,2022,8,4117.614574981457
IDN,Palembang City,2022,9,4068.871689800867
IDN,Palembang City,2022,10,4248.407785058344
IDN,Palembang City,2022,11,4309.526799726319
IDN,Palembang City,2022,12,4405.0977259874335
IDN,Palembang City,2023,1,4927.252516739353
IDN,Palembang City,2023,2,4758.400097720867
IDN,Palembang City,2023,3,4686.29500552316
IDN,Palembang City,2023,4,4747.988051686298
IDN,Palembang City,2023,5,4755.061524459739
IDN,Palembang City,2023,6,4679.27290137993
IDN,Palembang City,2023,7,4675.944058675558
IDN,Palembang City,2023,8,4547.059639570557
IDN,Palembang City,2023,9,4508.916813131129
IDN,Palembang City,2023,10,4710.194496613353
IDN,Palembang City,2023,11,4775.688114874825
IDN,Palembang City,2023,12,4876.188280435206
IDN,Palembang City,2024,1,5247.834173530393
IDN,Palembang City,2024,2,5143.087282434779
IDN,Palembang City,2024,3,5065.759609426709
IDN,Palembang City,2024,4,5131.084410416044
IDN,Palembang City,2024,5,5156.9982535488525
IDN,Palembang City,2024,6,5065.393841836591
IDN,Palembang City,2024,7,5034.865225652846
IDN,Palembang City,2024,8,4956.31615574151
IDN,Palembang City,2024,9,4970.583308150869
IDN,Palembang City,2024,10,5035.5221617320085
IDN,Palembang City,2024,11,5088.152447051226
IDN,Palembang City,2024,12,5171.906012688032
IDN,Palembang City,2025,1,5250.928714920616
IDN,Palembang City,2025,2,5135.594083740379
IDN,Palembang City,2025,3,5068.474424986403
IDN,Palembang City,2025,4,5136.089724373696
IDN,Palembang City,2025,5,5160.129358722146
IDN,Palembang City,2025,6,5070.195932548524
IDN,Palembang City,2025,7,5037.752226053186
IDN,Palembang City,2025,8,4958.839113690905
IDN,Palembang City,2025,9,4973.100043210555
IDN,Palembang City,2025,10,5037.835080148244
IDN,Palembang City,2025,11,5090.413926076284
IDN,Palembang City,2025,12,5173.920944879619
IDN,Palembang City,2026,1,5253.11047524083
IDN,Palembang City,2026,2,5137.5523493163
IDN,Palembang City,2026,3,5070.808516429634
IDN,Palembang City,2026,4,5137.958426874353
IDN,Palembang City,2026,5,5160.905291394668
IDN,Palembang Urban Area,2021,1,4627.178259380945
IDN,Palembang Urban Area,2021,2,4444.123574957986
IDN,Palembang Urban Area,2021,3,4374.540926346498
IDN,Palembang Urban Area,2021,4,4432.76396178305
IDN,Palembang Urban Area,2021,5,4561.474795023748
IDN,Palembang Urban Area,2021,6,4506.128614006287
IDN,Palembang Urban Area,2021,7,4492.151899241613
IDN,Palembang Urban Area,2021,8,4355.514986713063
IDN,Palembang Urban Area,2021,9,4214.339868390113
IDN,Palembang Urban Area,2021,10,4396.618030841457
IDN,Palembang Urban Area,2021,11,4471.810331272528
IDN,Palembang Urban Area,2021,12,4590.9716356141225
IDN,Palembang Urban Area,2022,1,5644.462895415479
IDN,Palembang Urban Area,2022,2,5428.005255213295
IDN,Palembang Urban Area,2022,3,5332.367801638361
IDN,Palembang Urban Area,2022,4,5407.897398263431
IDN,Palembang Urban Area,2022,5,5543.703299690303
IDN,Palembang Urban Area,2022,6,5475.38642954571
IDN,Palembang Urban Area,2022,7,5457.8277912822405
IDN,Palembang Urban Area,2022,8,5249.242851652213
IDN,Palembang Urban Area,2022,9,5135.803369099804
IDN,Palembang Urban Area,2022,10,5360.912253909976
IDN,Palembang Urban Area,2022,11,5454.895394087137
IDN,Palembang Urban Area,2022,12,5596.565890622638
IDN,Palembang Urban Area,2023,1,6235.52954435152
IDN,Palembang Urban Area,2023,2,6008.272377149233
IDN,Palembang Urban Area,2023,3,5903.6211818194215
IDN,Palembang Urban Area,2023,4,5986.815352356631
IDN,Palembang Urban Area,2023,5,6076.168056830653
IDN,Palembang Urban Area,2023,6,5992.574345451597
IDN,Palembang Urban Area,2023,7,5978.774565123812
IDN,Palembang Urban Area,2023,8,5774.350218680568
IDN,Palembang Urban Area,2023,9,5682.958355139584
IDN,Palembang Urban Area,2023,10,5935.424833779535
IDN,Palembang Urban Area,2023,11,6032.437127550352
IDN,Palembang Urban Area,2023,12,6176.873872670629
IDN,Palembang Urban Area,2024,1,6589.747919463562
IDN,Palembang Urban Area,2024,2,6476.71965054132
IDN,Palembang Urban Area,2024,3,6380.151446645992
IDN,Palembang Urban Area,2024,4,6470.82332444336
IDN,Palembang Urban Area,2024,5,6592.436449310509
IDN,Palembang Urban Area,2024,6,6485.84356693362
IDN,Palembang Urban Area,2024,7,6420.628395033724
IDN,Palembang Urban Area,2024,8,6316.944415206375
IDN,Palembang Urban Area,2024,9,6333.575526260916
IDN,Palembang Urban Area,2024,10,6312.726373812909
IDN,Palembang Urban Area,2024,11,6380.278079807317
IDN,Palembang Urban Area,2024,12,6487.372812343151
IDN,Palembang Urban Area,2025,1,6593.515087568452
IDN,Palembang Urban Area,2025,2,6468.046446884283
IDN,Palembang Urban Area,2025,3,6383.534697174326
IDN,Palembang Urban Area,2025,4,6476.118899763396
IDN,Palembang Urban Area,2025,5,6596.2060299596615
IDN,Palembang Urban Area,2025,6,6490.924085884236
IDN,Palembang Urban Area,2025,7,6424.144896779555
IDN,Palembang Urban Area,2025,8,6320.065966541087
IDN,Palembang Urban Area,2025,9,6336.676680257319
IDN,Palembang Urban Area,2025,10,6315.620190489672
IDN,Palembang Urban Area,2025,11,6383.099992972209
IDN,Palembang Urban Area,2025,12,6489.964597424566
IDN,Palembang Urban Area,2026,1,6596.208415042835
IDN,Palembang Urban Area,2026,2,6470.456967815253
IDN,Palembang Urban Area,2026,3,6386.339147962077
IDN,Palembang Urban Area,2026,4,6478.451459787248
IDN,Palembang Urban Area,2026,5,6597.168076871347
IND,Delhi [New Delhi],2021,1,24050.817223453472
IND,Delhi [New Delhi],2021,2,20840.918928373
IND,Delhi [New Delhi],2021,3,21324.473696646804
IND,Delhi [New Delhi],2021,4,20859.083838942257
IND,Delhi [New Delhi],2021,5,21626.856225233605
IND,Delhi [New Delhi],2021,6,21849.40964651108
IND,Delhi [New Delhi],2021,7,23052.42915570688
IND,Delhi [New Delhi],2021,8,23252.65278390069
IND,Delhi [New Delhi],2021,9,22798.34168227008
IND,Delhi [New Delhi],2021,10,22638.643021496995
IND,Delhi [New Delhi],2021,11,22161.487461043253
IND,Delhi [New Delhi],2021,12,23686.425835570943
IND,Delhi [New Delhi],2022,1,25202.23168786474
IND,Delhi [New Delhi],2022,2,22112.358634498945
IND,Delhi [New Delhi],2022,3,22361.24473504619
IND,Delhi [New Delhi],2022,4,21756.485242292096
IND,Delhi [New Delhi],2022,5,22522.998390204964
IND,Delhi [New Delhi],2022,6,22895.18034473306
IND,Delhi [New Delhi],2022,7,24325.25006772529
IND,Delhi [New Delhi],2022,8,24623.18754524564
IND,Delhi [New Delhi],2022,9,24143.27368173146
IND,Delhi [New Delhi],2022,10,23923.63818358251
IND,Delhi [New Delhi],2022,11,23126.05317751369
IND,Delhi [New Delhi],2022,12,24724.36615042037
IND,Delhi [New Delhi],2023,1,26524.479666220454
IND,Delhi [New Delhi],2023,2,22614.012965160706
IND,Delhi [New Delhi],2023,3,23277.747267293264
IND,Delhi [New Delhi],2023,4,22778.977280278617
IND,Delhi [New Delhi],2023,5,23573.09205003516
IND,Delhi [New Delhi],2023,6,23900.543906644965
IND,Delhi [New Delhi],2023,7,25324.460813541213
IND,Delhi [New Delhi],2023,8,25591.005507887603
IND,Delhi [New Delhi],2023,9,25097.285460422776
IND,Delhi [New Delhi],2023,10,24903.91423323044
IND,Delhi [New Delhi],2023,11,23940.916310877798
IND,Delhi [New Delhi],2023,12,25551.279502566515
IND,Delhi [New Delhi],2024,1,27596.823609380077
IND,Delhi [New Delhi],2024,2,24099.44839403854
IND,Delhi [New Delhi],2024,3,24043.729114582024
IND,Delhi [New Delhi],2024,4,23329.303886723414
IND,Delhi [New Delhi],2024,5,24023.22705194742
IND,Delhi [New Delhi],2024,6,24445.88336625161
IND,Delhi [New Delhi],2024,7,25747.113444136063
IND,Delhi [New Delhi],2024,8,25987.66088600737
IND,Delhi [New Delhi],2024,9,25494.732095648065
IND,Delhi [New Delhi],2024,10,25246.502686937027
IND,Delhi [New Delhi],2024,11,24414.22449803676
IND,Delhi [New Delhi],2024,12,26231.533651469515
IND,Delhi [New Delhi],2025,1,26883.18653938282
IND,Delhi [New Delhi],2025,2,23453.943970688186
IND,Delhi [New Delhi],2025,3,24147.65304031135
IND,Delhi [New Delhi],2025,4,23486.30244926332
IND,Delhi [New Delhi],2025,5,24286.671343796515
IND,Delhi [New Delhi],2025,6,24598.71214823707
IND,Delhi [New Delhi],2025,7,26011.56893816124
IND,Delhi [New Delhi],2025,8,26250.587842204277
IND,Delhi [New Delhi],2025,9,25745.66847649665
IND,Delhi [New Delhi],2025,10,25565.49170726271
IND,Delhi [New Delhi],2025,11,25168.567616050317
IND,Delhi [New Delhi],2025,12,26530.98585908616
IND,Delhi [New Delhi],2026,1,27510.22274555834
IND,Delhi [New Delhi],2026,2,23574.925739297745
IND,Delhi [New Delhi],2026,3,24088.832289162183
IND,Delhi [New Delhi],2026,4,23576.36311819005
IND,Delhi [New Delhi],2026,5,24271.26950198359
IND,Punjab,2021,1,75521.10282429613
IND,Punjab,2021,2,73590.13352975491
IND,Punjab,2021,3,70896.76526642841
IND,Punjab,2021,4,63750.0071006515
IND,Punjab,2021,5,67420.06669850081
IND,Punjab,2021,6,74995.17243050896
IND,Punjab,2021,7,95448.98966526064
IND,Punjab,2021,8,106903.46941099247
IND,Punjab,2021,9,105894.88529013025
IND,Punjab,2021,10,108830.98689375662
IND,Punjab,2021,11,96821.1618998387
IND,Punjab,2021,12,74378.35996926216
IND,Punjab,2022,1,78195.84209895834
IND,Punjab,2022,2,76817.01673042637
IND,Punjab,2022,3,73423.76592159938
IND,Punjab,2022,4,65259.98901578796
IND,Punjab,2022,5,69811.23544804049
IND,Punjab,2022,6,77936.89628293065
IND,Punjab,2022,7,100889.20013642334
IND,Punjab,2022,8,113766.75238908816
IND,Punjab,2022,9,112636.64665854305
IND,Punjab,2022,10,117441.67803447672
IND,Punjab,2022,11,105608.68499789084
IND,Punjab,2022,12,77050.71577053706
IND,Punjab,2023,1,79875.94912210238
IND,Punjab,2023,2,77547.18303923048
IND,Punjab,2023,3,74730.24125653938
IND,Punjab,2023,4,66720.23814387292
IND,Punjab,2023,5,71412.34603733722
IND,Punjab,2023,6,79285.24489966774
IND,Punjab,2023,7,102101.71893798184
IND,Punjab,2023,8,114866.1382547199
IND,Punjab,2023,9,113714.55454327309
IND,Punjab,2023,10,119139.3864602853
IND,Punjab,2023,11,108031.33621844547
IND,Punjab,2023,12,78212.28840635745
IND,Punjab,2024,1,81837.97471719523
IND,Punjab,2024,2,79610.15950453981
IND,Punjab,2024,3,76187.92696768127
IND,Punjab,2024,4,67287.96019177871
IND,Punjab,2024,5,72130.5908063326
IND,Punjab,2024,6,80038.9143886343
IND,Punjab,2024,7,103167.80900278382
IND,Punjab,2024,8,116089.33111059511
IND,Punjab,2024,9,114927.13502628784
IND,Punjab,2024,10,120605.33186589596
IND,Punjab,2024,11,109422.90403608236
IND,Punjab,2024,12,79240.5141925108
IND,Punjab,2025,1,80894.65116134814
IND,Punjab,2025,2,79128.42905806784
IND,Punjab,2025,3,76266.23670666125
IND,Punjab,2025,4,67541.5030487873
IND,Punjab,2025,5,72632.62922045143
IND,Punjab,2025,6,80305.3145744994
IND,Punjab,2025,7,103420.8301047446
IND,Punjab,2025,8,116335.12422766937
IND,Punjab,2025,9,115187.31925245268
IND,Punjab,2025,10,121746.16913627573
IND,Punjab,2025,11,111519.74951353928
IND,Punjab,2025,12,79169.97203390194
IND,Punjab,2026,1,81570.873951599
IND,Punjab,2026,2,79073.66289862088
IND,Punjab,2026,3,76144.38206383704
IND,Punjab,2026,4,67606.3311358084
IND,Punjab,2026,5,72634.95240199279
ITA,Emilia-Romagna,2021,1,7962.349161467961
ITA,Emilia-Romagna,2021,2,7733.219040786475
ITA,Emilia-Romagna,2021,3,7815.13314749877
ITA,Emilia-Romagna,2021,4,8897.19556723244
ITA,Emilia-Romagna,2021,5,9347.990582287932
ITA,Emilia-Romagna,2021,6,9375.869296553416
ITA,Emilia-Romagna,2021,7,9875.109396282072
ITA,Emilia-Romagna,2021,8,9829.64869712472
ITA,Emilia-Romagna,2021,9,9064.89044066641
ITA,Emilia-Romagna,2021,10,7813.939727021329
ITA,Emilia-Romagna,2021,11,7939.056653019728
ITA,Emilia-Romagna,2021,12,8098.445321510775
ITA,Emilia-Romagna,2022,1,7776.971638903497
ITA,Emilia-Romagna,2022,2,7557.499041783287
ITA,Emilia-Romagna,2022,3,7644.896268491537
ITA,Emilia-Romagna,2022,4,8205.31815925909
ITA,Emilia-Romagna,2022,5,8125.148655994738
ITA,Emilia-Romagna,2022,6,8071.118113633191
ITA,Emilia-Romagna,2022,7,8563.644355581058
ITA,Emilia-Romagna,2022,8,8553.010688675844
ITA,Emilia-Romagna,2022,9,8514.251234860783
ITA,Emilia-Romagna,2022,10,7540.477149206177
ITA,Emilia-Romagna,2022,11,7733.864870275107
ITA,Emilia-Romagna,2022,12,7834.65581842923
ITA,Emilia-Romagna,2023,1,7562.523635963844
ITA,Emilia-Romagna,2023,2,7456.733428126867
ITA,Emilia-Romagna,2023,3,7408.283375486286
ITA,Emilia-Romagna,2023,4,8092.839103944585
ITA,Emilia-Romagna,2023,5,8079.930303668813
ITA,Emilia-Romagna,2023,6,7996.600890831662
ITA,Emilia-Romagna,2023,7,8486.84776245278
ITA,Emilia-Romagna,2023,8,8480.25582888127
ITA,Emilia-Romagna,2023,9,8364.671961985328
ITA,Emilia-Romagna,2023,10,7369.255837819446
ITA,Emilia-Romagna,2023,11,7606.729260704991
ITA,Emilia-Romagna,2023,12,7715.526733956214
ITA,Emilia-Romagna,2024,1,7731.588644589968
ITA,Emilia-Romagna,2024,2,7523.387633388038
ITA,Emilia-Romagna,2024,3,7520.46762364954
ITA,Emilia-Romagna,2024,4,8123.225174555104
ITA,Emilia-Romagna,2024,5,8081.752802185912
ITA,Emilia-Romagna,2024,6,8016.540021132043
ITA,Emilia-Romagna,2024,7,8496.886471906424
ITA,Emilia-Romagna,2024,8,8488.21116550607
ITA,Emilia-Romagna,2024,9,8457.528357286168
ITA,Emilia-Romagna,2024,10,7489.569793253966
ITA,Emilia-Romagna,2024,11,7724.739098779122
ITA,Emilia-Romagna,2024,12,7852.607787159228
ITA,Emilia-Romagna,2025,1,7682.936690840646
ITA,Emilia-Romagna,2025,2,7546.840066519279
ITA,Emilia-Romagna,2025,3,7547.402237821992
ITA,Emilia-Romagna,2025,4,8094.066031373137
ITA,Emilia-Romagna,2025,5,8078.004657202068
ITA,Emilia-Romagna,2025,6,7998.500002592504
ITA,Emilia-Romagna,2025,7,8494.783043774656
ITA,Emilia-Romagna,2025,8,8496.182122131095
ITA,Emilia-Romagna,2025,9,8468.946354132002
ITA,Emilia-Romagna,2025,10,7572.29142283872
ITA,Emilia-Romagna,2025,11,7716.031935295092
ITA,Emilia-Romagna,2025,12,7795.388995198306
ITA,Emilia-Romagna,2026,1,7734.361682978784
ITA,Emilia-Romagna,2026,2,7486.295279269187
ITA,Emilia-Romagna,2026,3,7547.335377103222
ITA,Emilia-Romagna,2026,4,8069.191579173389
ITA,Emilia-Romagna,2026,5,8072.340960353766
ITA,Lombardia,2021,1,14570.003452045894
ITA,Lombardia,2021,2,14015.657658251675
ITA,Lombardia,2021,3,14154.287615408755
ITA,Lombardia,2021,4,18440.92969422625
ITA,Lombardia,2021,5,21216.05878648888
ITA,Lombardia,2021,6,21572.70200429306
ITA,Lombardia,2021,7,23104.56442264539
ITA,Lombardia,2021,8,22891.6000680822
ITA,Lombardia,2021,9,18895.44627652496
ITA,Lombardia,2021,10,14297.181774428607
ITA,Lombardia,2021,11,14526.431877898174
ITA,Lombardia,2021,12,14953.903478815566
ITA,Lombardia,2022,1,14086.836239037611
ITA,Lombardia,2022,2,13615.045583232995
ITA,Lombardia,2022,3,13762.191053026196
ITA,Lombardia,2022,4,17510.965994763043
ITA,Lombardia,2022,5,19723.229774496496
ITA,Lombardia,2022,6,20106.19244076295
ITA,Lombardia,2022,7,21619.116562699503
ITA,Lombardia,2022,8,21437.49832707049
ITA,Lombardia,2022,9,18177.816406897087
ITA,Lombardia,2022,10,13630.792918497118
ITA,Lombardia,2022,11,14041.122438256538
ITA,Lombardia,2022,12,14409.859603250636
ITA,Lombardia,2023,1,13755.193626250686
ITA,Lombardia,2023,2,13436.866210050452
ITA,Lombardia,2023,3,13387.202071056823
ITA,Lombardia,2023,4,17323.38232662149
ITA,Lombardia,2023,5,19632.392128900097
ITA,Lombardia,2023,6,19958.55602285744
ITA,Lombardia,2023,7,21476.373950103523
ITA,Lombardia,2023,8,21302.6956708835
ITA,Lombardia,2023,9,17916.132249207265
ITA,Lombardia,2023,10,13431.956949894578
ITA,Lombardia,2023,11,13915.663963817948
ITA,Lombardia,2023,12,14197.606812974936
ITA,Lombardia,2024,1,14018.444519597064
ITA,Lombardia,2024,2,13534.34948686896
ITA,Lombardia,2024,3,13562.09450832262
ITA,Lombardia,2024,4,17431.289813458447
ITA,Lombardia,2024,5,19695.28696955821
ITA,Lombardia,2024,6,20003.759357623905
ITA,Lombardia,2024,7,21395.447258949724
ITA,Lombardia,2024,8,21216.530823614983
ITA,Lombardia,2024,9,18046.775153378105
ITA,Lombardia,2024,10,13623.354415278203
ITA,Lombardia,2024,11,14059.26842607186
ITA,Lombardia,2024,12,14379.561701024577
ITA,Lombardia,2025,1,13972.995269683115
ITA,Lombardia,2025,2,13598.946915094795
ITA,Lombardia,2025,3,13588.66444167204
ITA,Lombardia,2025,4,17341.67362587709
ITA,Lombardia,2025,5,19653.058888547548
ITA,Lombardia,2025,6,19948.64466931249
ITA,Lombardia,2025,7,21393.59327208627
ITA,Lombardia,2025,8,21216.955995493336
ITA,Lombardia,2025,9,18023.93275401295
ITA,Lombardia,2025,10,13719.571962974627
ITA,Lombardia,2025,11,14039.45890570616
ITA,Lombardia,2025,12,14230.61894687363
ITA,Lombardia,2026,1,14070.35005897897
ITA,Lombardia,2026,2,13485.19898760476
ITA,Lombardia,2026,3,13553.92201200802
ITA,Lombardia,2026,4,17256.670178407345
ITA,Lombardia,2026,5,19657.324551140104
KOR,Chungcheongnam-do,2021,1,4668.5372748864775
KOR,Chungcheongnam-do,2021,2,4650.104624066767
KOR,Chungcheongnam-do,2021,3,4746.945312956869
KOR,Chungcheongnam-do,2021,4,5461.8505870683175
KOR,Chungcheongnam-do,2021,5,13097.03141695882
KOR,Chungcheongnam-do,2021,6,15258.33924443131
KOR,Chungcheongnam-do,2021,7,15325.180101466189
KOR,Chungcheongnam-do,2021,8,14973.207745309224
KOR,Chungcheongnam-do,2021,9,10617.356455607747
KOR,Chungcheongnam-do,2021,10,4674.246073055569
KOR,Chungcheongnam-do,2021,11,4711.027605062228
KOR,Chungcheongnam-do,2021,12,4751.364016674144
KOR,Chungcheongnam-do,2022,1,4926.734043750433
KOR,Chungcheongnam-do,2022,2,4920.02327970695
KOR,Chungcheongnam-do,2022,3,4929.595348360043
KOR,Chungcheongnam-do,2022,4,5779.361729913049
KOR,Chungcheongnam-do,2022,5,14277.253380871363
KOR,Chungcheongnam-do,2022,6,16781.1237239764
KOR,Chungcheongnam-do,2022,7,16813.23356374282
KOR,Chungcheongnam-do,2022,8,16423.027903072216
KOR,Chungcheongnam-do,2022,9,11529.548377277071
KOR,Chungcheongnam-do,2022,10,4893.450786257264
KOR,Chungcheongnam-do,2022,11,4872.336205991198
KOR,Chungcheongnam-do,2022,12,4914.623665367191
KOR,Chungcheongnam-do,2023,1,4810.752893103805
KOR,Chungcheongnam-do,2023,2,4768.894223753993
KOR,Chungcheongnam-do,2023,3,4845.314516966264
KOR,Chungcheongnam-do,2023,4,5719.730257782439
KOR,Chungcheongnam-do,2023,5,14217.077775860973
KOR,Chungcheongnam-do,2023,6,16732.30718385196
KOR,Chungcheongnam-do,2023,7,16746.245577824255
KOR,Chungcheongnam-do,2023,8,16357.019226467954
KOR,Chungcheongnam-do,2023,9,11434.39003542762
KOR,Chungcheongnam-do,2023,10,4770.50300400223
KOR,Chungcheongnam-do,2023,11,4857.985027922114
KOR,Chungcheongnam-do,2023,12,4853.723509090794
KOR,Chungcheongnam-do,2024,1,4977.725905470375
KOR,Chungcheongnam-do,2024,2,4977.587743015371
KOR,Chungcheongnam-do,2024,3,5055.677234818257
KOR,Chungcheongnam-do,2024,4,5927.588708374513
KOR,Chungcheongnam-do,2024,5,14369.212602994718
KOR,Chungcheongnam-do,2024,6,16690.868579098176
KOR,Chungcheongnam-do,2024,7,16766.429309779785
KOR,Chungcheongnam-do,2024,8,16349.63560712254
KOR,Chungcheongnam-do,2024,9,11524.836668501768
KOR,Chungcheongnam-do,2024,10,5038.210491931043
KOR,Chungcheongnam-do,2024,11,4961.328268798687
KOR,Chungcheongnam-do,2024,12,5042.664390762124
KOR,Chungcheongnam-do,2025,1,5006.423696013556
KOR,Chungcheongnam-do,2025,2,5000.872190306455
KOR,Chungcheongnam-do,2025,3,5033.644332460248
KOR,Chungcheongnam-do,2025,4,5799.147907462021
KOR,Chungcheongnam-do,2025,5,14175.501508036226
KOR,Chungcheongnam-do,2025,6,16638.80439606437
KOR,Chungcheongnam-do,2025,7,16711.326408835816
KOR,Chungcheongnam-do,2025,8,16327.86975764396
KOR,Chungcheongnam-do,2025,9,11523.23766616318
KOR,Chungcheongnam-do,2025,10,4973.886325536702
KOR,Chungcheongnam-do,2025,11,4995.928107748967
KOR,Chungcheongnam-do,2025,12,4993.764891634454
KOR,Chungcheongnam-do,2026,1,5023.770093240545
KOR,Chungcheongnam-do,2026,2,4947.712593439737
KOR,Chungcheongnam-do,2026,3,5015.771686175858
KOR,Chungcheongnam-do,2026,4,5869.841620050547
KOR,Chungcheongnam-do,2026,5,14244.832046029283
KOR,Gyeonggi-do,2021,1,7790.734982064306
KOR,Gyeonggi-do,2021,2,7552.702766166757
KOR,Gyeonggi-do,2021,3,7638.865437035627
KOR,Gyeonggi-do,2021,4,8148.331614965307
KOR,Gyeonggi-do,2021,5,13542.177818181712
KOR,Gyeonggi-do,2021,6,15038.207913887803
KOR,Gyeonggi-do,2021,7,15126.176039919028
KOR,Gyeonggi-do,2021,8,14841.144915561998
KOR,Gyeonggi-do,2021,9,11783.900982213789
KOR,Gyeonggi-do,2021,10,7697.233780271083
KOR,Gyeonggi-do,2021,11,7760.632178191119
KOR,Gyeonggi-do,2021,12,7890.458858354701
KOR,Gyeonggi-do,2022,1,7960.575418051356
KOR,Gyeonggi-do,2022,2,7661.315687553668
KOR,Gyeonggi-do,2022,3,7866.527807799459
KOR,Gyeonggi-do,2022,4,8170.656981830227
KOR,Gyeonggi-do,2022,5,12676.383026826988
KOR,Gyeonggi-do,2022,6,13871.023541899578
KOR,Gyeonggi-do,2022,7,14025.543743405702
KOR,Gyeonggi-do,2022,8,13833.309167297695
KOR,Gyeonggi-do,2022,9,11259.462509451443
KOR,Gyeonggi-do,2022,10,7887.086313056232
KOR,Gyeonggi-do,2022,11,7770.600753782526
KOR,Gyeonggi-do,2022,12,8037.611187265507
KOR,Gyeonggi-do,2023,1,7976.251579610521
KOR,Gyeonggi-do,2023,2,7721.398937505764
KOR,Gyeonggi-do,2023,3,7893.08208044935
KOR,Gyeonggi-do,2023,4,8298.551056097695
KOR,Gyeonggi-do,2023,5,12943.040663778267
KOR,Gyeonggi-do,2023,6,14335.878146431864
KOR,Gyeonggi-do,2023,7,14443.642654205658
KOR,Gyeonggi-do,2023,8,14243.18047839373
KOR,Gyeonggi-do,2023,9,11432.27963758384
KOR,Gyeonggi-do,2023,10,7768.733454742287
KOR,Gyeonggi-do,2023,11,7867.470865813015
KOR,Gyeonggi-do,2023,12,7923.775659487281
KOR,Gyeonggi-do,2024,1,8354.27751892921
KOR,Gyeonggi-do,2024,2,8051.114333821777
KOR,Gyeonggi-do,2024,3,8300.923051369053
KOR,Gyeonggi-do,2024,4,8556.382904688679
KOR,Gyeonggi-do,2024,5,13322.408713838731
KOR,Gyeonggi-do,2024,6,14651.28729814762
KOR,Gyeonggi-do,2024,7,14661.127828881188
KOR,Gyeonggi-do,2024,8,14453.681995704806
KOR,Gyeonggi-do,2024,9,11667.313446268476
KOR,Gyeonggi-do,2024,10,8041.595803537902
KOR,Gyeonggi-do,2024,11,8090.271894640705
KOR,Gyeonggi-do,2024,12,8314.725624397908
KOR,Gyeonggi-do,2025,1,8272.932418627612
KOR,Gyeonggi-do,2025,2,7990.939005471515
KOR,Gyeonggi-do,2025,3,8119.0078873774755
KOR,Gyeonggi-do,2025,4,8471.173042407032
KOR,Gyeonggi-do,2025,5,13239.373365053849
KOR,Gyeonggi-do,2025,6,14491.5060439557
KOR,Gyeonggi-do,2025,7,14599.280815495857
KOR,Gyeonggi-do,2025,8,14394.73728418538
KOR,Gyeonggi-do,2025,9,11636.07947571369
KOR,Gyeonggi-do,2025,10,8009.45005007257
KOR,Gyeonggi-do,2025,11,8045.18371493855
KOR,Gyeonggi-do,2025,12,8266.037188352631
KOR,Gyeonggi-do,2026,1,8277.49082939561
KOR,Gyeonggi-do,2026,2,7962.7301126117745
KOR,Gyeonggi-do,2026,3,8122.388732493215
KOR,Gyeonggi-do,2026,4,8510.646223827816
KOR,Gyeonggi-do,2026,5,13278.00188042118
MEX,Jalisco,2021,1,21323.92020910919
MEX,Jalisco,2021,2,20980.76466758419
MEX,Jalisco,2021,3,21216.64973666377
MEX,Jalisco,2021,4,21484.386788767493
MEX,Jalisco,2021,5,21655.9430289035
MEX,Jalisco,2021,6,21141.42211298325
MEX,Jalisco,2021,7,20971.707784049053
MEX,Jalisco,2021,8,21006.543090753123
MEX,Jalisco,2021,9,20929.42291562538
MEX,Jalisco,2021,10,21054.148654635363
MEX,Jalisco,2021,11,21182.26294881862
MEX,Jalisco,2021,12,21486.33436636734
MEX,Jalisco,2022,1,21530.964102389316
MEX,Jalisco,2022,2,21231.25467233549
MEX,Jalisco,2022,3,21425.77261459569
MEX,Jalisco,2022,4,21553.87493450352
MEX,Jalisco,2022,5,21666.40944437148
MEX,Jalisco,2022,6,21352.42363468395
MEX,Jalisco,2022,7,21256.950412436705
MEX,Jalisco,2022,8,21242.838568004605
MEX,Jalisco,2022,9,21190.04168958903
MEX,Jalisco,2022,10,21308.766189082875
MEX,Jalisco,2022,11,21384.40862578486
MEX,Jalisco,2022,12,21662.21211639084
MEX,Jalisco,2023,1,21841.93818534868
MEX,Jalisco,2023,2,21482.79526431259
MEX,Jalisco,2023,3,21720.871581793734
MEX,Jalisco,2023,4,21941.694419258023
MEX,Jalisco,2023,5,22080.57252862044
MEX,Jalisco,2023,6,21650.63435661324
MEX,Jalisco,2023,7,21511.391331265688
MEX,Jalisco,2023,8,21504.45948687576
MEX,Jalisco,2023,9,21425.22571847884
MEX,Jalisco,2023,10,21535.158031575076
MEX,Jalisco,2023,11,21626.64458865833
MEX,Jalisco,2023,12,21983.735169191903
MEX,Jalisco,2024,1,22004.416884822145
MEX,Jalisco,2024,2,21756.00202491873
MEX,Jalisco,2024,3,21918.06106544158
MEX,Jalisco,2024,4,22074.87631649821
MEX,Jalisco,2024,5,22196.72836808824
MEX,Jalisco,2024,6,21799.15101382328
MEX,Jalisco,2024,7,21664.00531090147
MEX,Jalisco,2024,8,21668.00400963767
MEX,Jalisco,2024,9,21596.76676606324
MEX,Jalisco,2024,10,21772.91950592241
MEX,Jalisco,2024,11,21829.756454239025
MEX,Jalisco,2024,12,22167.098262765365
MEX,Jalisco,2025,1,22118.686322955728
MEX,Jalisco,2025,2,21754.34687305472
MEX,Jalisco,2025,3,22026.498397406427
MEX,Jalisco,2025,4,22218.253924143108
MEX,Jalisco,2025,5,22354.5205620256
MEX,Jalisco,2025,6,21916.064829647366
MEX,Jalisco,2025,7,21776.988213854405
MEX,Jalisco,2025,8,21762.864663083343
MEX,Jalisco,2025,9,21687.024268271634
MEX,Jalisco,2025,10,21809.49956089928
MEX,Jalisco,2025,11,21928.761186117543
MEX,Jalisco,2025,12,22235.64553545026
MEX,Jalisco,2026,1,22189.952498650997
MEX,Jalisco,2026,2,21846.244303190902
MEX,Jalisco,2026,3,22085.888968974647
MEX,Jalisco,2026,4,22280.36835943279
MEX,Jalisco,2026,5,22415.251206821824
MEX,Querétaro,2021,1,4265.752097712175
MEX,Querétaro,2021,2,4228.249766752953
MEX,Querétaro,2021,3,4237.424075423822
MEX,Querétaro,2021,4,4246.588242838031
MEX,Querétaro,2021,5,4249.173756356624
MEX,Querétaro,2021,6,4238.50818244369
MEX,Querétaro,2021,7,4249.865074604899
MEX,Querétaro,2021,8,4246.759805529228
MEX,Querétaro,2021,9,4249.056812640683
MEX,Querétaro,2021,10,4263.545639651669
MEX,Querétaro,2021,11,4264.253759070845
MEX,Querétaro,2021,12,4277.448013411806
MEX,Querétaro,2022,1,4327.588169005274
MEX,Querétaro,2022,2,4293.391577561639
MEX,Querétaro,2022,3,4299.678242034176
MEX,Querétaro,2022,4,4298.000737297647
MEX,Querétaro,2022,5,4302.173637352789
MEX,Querétaro,2022,6,4298.730112946406
MEX,Querétaro,2022,7,4307.121901015343
MEX,Querétaro,2022,8,4301.631435702571
MEX,Querétaro,2022,9,4302.520468506031
MEX,Querétaro,2022,10,4314.303254855292
MEX,Querétaro,2022,11,4293.335792404038
MEX,Querétaro,2022,12,4331.784751799885
MEX,Querétaro,2023,1,4386.861681299614
MEX,Querétaro,2023,2,4346.559059237593
MEX,Querétaro,2023,3,4350.833465001121
MEX,Querétaro,2023,4,4359.181427701131
MEX,Querétaro,2023,5,4367.716165607339
MEX,Querétaro,2023,6,4345.324876490313
MEX,Querétaro,2023,7,4359.372406351344
MEX,Querétaro,2023,8,4363.195287479659
MEX,Querétaro,2023,9,4355.875318430889
MEX,Querétaro,2023,10,4366.846364724848
MEX,Querétaro,2023,11,4366.998712339057
MEX,Querétaro,2023,12,4404.531152381726
MEX,Querétaro,2024,1,4416.229136629237
MEX,Querétaro,2024,2,4384.010654301377
MEX,Querétaro,2024,3,4385.33560147871
MEX,Querétaro,2024,4,4383.472382111072
MEX,Querétaro,2024,5,4385.091544837685
MEX,Querétaro,2024,6,4376.61155330755
MEX,Querétaro,2024,7,4393.975113679499
MEX,Querétaro,2024,8,4395.81604224474
MEX,Querétaro,2024,9,4384.634427682035
MEX,Querétaro,2024,10,4431.5365755137245
MEX,Querétaro,2024,11,4399.782982262606
MEX,Querétaro,2024,12,4440.410153150085
MEX,Querétaro,2025,1,4444.553265890103
MEX,Querétaro,2025,2,4390.134431346736
MEX,Querétaro,2025,3,4408.400488844929
MEX,Querétaro,2025,4,4421.107305550075
MEX,Querétaro,2025,5,4414.078126981721
MEX,Querétaro,2025,6,4407.485348472963
MEX,Querétaro,2025,7,4423.359554031591
MEX,Querétaro,2025,8,4419.547607758364
MEX,Querétaro,2025,9,4405.318118233697
MEX,Querétaro,2025,10,4432.310450542425
MEX,Querétaro,2025,11,4429.218289409473
MEX,Querétaro,2025,12,4447.17463896749
MEX,Querétaro,2026,1,4472.829019395545
MEX,Querétaro,2026,2,4425.742705493851
MEX,Querétaro,2026,3,4442.173753502098
MEX,Querétaro,2026,4,4433.547729361519
MEX,Querétaro,2026,5,4429.6580356591885
MEX,Yucatán,2021,1,5657.62425245283
MEX,Yucatán,2021,2,5642.170446429707
MEX,Yucatán,2021,3,5681.906815512211
MEX,Yucatán,2021,4,5702.058409986885
MEX,Yucatán,2021,5,5693.802297411847
MEX,Yucatán,2021,6,5673.394011504316
MEX,Yucatán,2021,7,5692.920257264725
MEX,Yucatán,2021,8,5699.716532196885
MEX,Yucatán,2021,9,5687.237318609456
MEX,Yucatán,2021,10,5683.782757396739
MEX,Yucatán,2021,11,5676.307506812016
MEX,Yucatán,2021,12,5681.210810927123
MEX,Yucatán,2022,1,5727.924412001059
MEX,Yucatán,2022,2,5710.785428821473
MEX,Yucatán,2022,3,5752.89035124899
MEX,Yucatán,2022,4,5770.774722781949
MEX,Yucatán,2022,5,5763.405987445981
MEX,Yucatán,2022,6,5742.890416654936
MEX,Yucatán,2022,7,5762.342000733212
MEX,Yucatán,2022,8,5768.727535751347
MEX,Yucatán,2022,9,5756.809287087002
MEX,Yucatán,2022,10,5754.002721139941
MEX,Yucatán,2022,11,5746.287768987733
MEX,Yucatán,2022,12,5751.221991463173
MEX,Yucatán,2023,1,5791.443774982839
MEX,Yucatán,2023,2,5776.30301921363
MEX,Yucatán,2023,3,5812.211265996773
MEX,Yucatán,2023,4,5828.27090429397
MEX,Yucatán,2023,5,5824.146975579348
MEX,Yucatán,2023,6,5808.633545920136
MEX,Yucatán,2023,7,5828.379019715144
MEX,Yucatán,2023,8,5834.87289046638
MEX,Yucatán,2023,9,5822.573021068896
MEX,Yucatán,2023,10,5819.626566507122
MEX,Yucatán,2023,11,5811.972803656232
MEX,Yucatán,2023,12,5818.347964267941
MEX,Yucatán,2024,1,5840.792915839789
MEX,Yucatán,2024,2,5833.043039633148
MEX,Yucatán,2024,3,5860.985964243935
MEX,Yucatán,2024,4,5857.484578809473
MEX,Yucatán,2024,5,5860.056356591731
MEX,Yucatán,2024,6,5839.735321271339
MEX,Yucatán,2024,7,5864.223487921432
MEX,Yucatán,2024,8,5870.195993849196
MEX,Yucatán,2024,9,5857.839507487809
MEX,Yucatán,2024,10,5858.111514168746
MEX,Yucatán,2024,11,5848.175025344463
MEX,Yucatán,2024,12,5856.324789525806
MEX,Yucatán,2025,1,5858.211636455833
MEX,Yucatán,2025,2,5842.683546164871
MEX,Yucatán,2025,3,5879.275737719641
MEX,Yucatán,2025,4,5883.393434391055
MEX,Yucatán,2025,5,5877.601876605686
MEX,Yucatán,2025,6,5862.300282390116
MEX,Yucatán,2025,7,5882.243088396788
MEX,Yucatán,2025,8,5888.55023474175
MEX,Yucatán,2025,9,5876.75899520585
MEX,Yucatán,2025,10,5873.457617157765
MEX,Yucatán,2025,11,5865.838646783062
MEX,Yucatán,2025,12,5870.458988650589
MEX,Yucatán,2026,1,5878.169505917046
MEX,Yucatán,2026,2,5867.20586306046
MEX,Yucatán,2026,3,5894.472576388698
MEX,Yucatán,2026,4,5897.927639264987
MEX,Yucatán,2026,5,5893.500447234448
NGA,Cross River,2021,1,8794.816534267018
NGA,Cross River,2021,2,6980.51410981741
NGA,Cross River,2021,3,6663.530230588305
NGA,Cross River,2021,4,6551.598839106338
NGA,Cross River,2021,5,6681.422829336541
NGA,Cross River,2021,6,6618.182201541622
NGA,Cross River,2021,7,6730.618989931388
NGA,Cross River,2021,8,6731.545446340797
NGA,Cross River,2021,9,6630.649437795165
NGA,Cross River,2021,10,6676.45708163824
NGA,Cross River,2021,11,6517.110060346895
NGA,Cross River,2021,12,7425.831431754219
NGA,Cross River,2022,1,9969.184001200058
NGA,Cross River,2022,2,7799.193066365007
NGA,Cross River,2022,3,6845.286714678396
NGA,Cross River,2022,4,6667.189430763539
NGA,Cross River,2022,5,6775.655642183088
NGA,Cross River,2022,6,6751.915546932666
NGA,Cross River,2022,7,6973.067539798025
NGA,Cross River,2022,8,6992.768338135653
NGA,Cross River,2022,9,6883.159739428122
NGA,Cross River,2022,10,6850.60286214967
NGA,Cross River,2022,11,6635.324865761496
NGA,Cross River,2022,12,7797.877499745799
NGA,Cross River,2023,1,9361.082709468858
NGA,Cross River,2023,2,7570.497792698443
NGA,Cross River,2023,3,6867.527334884842
NGA,Cross River,2023,4,6706.884454401703
NGA,Cross River,2023,5,6816.022210033909
NGA,Cross River,2023,6,6799.174566064739
NGA,Cross River,2023,7,7034.226443753361
NGA,Cross River,2023,8,7056.3691065719
NGA,Cross River,2023,9,6946.526663430908
NGA,Cross River,2023,10,6901.5946504242775
NGA,Cross River,2023,11,6672.037595650132
NGA,Cross River,2023,12,7575.136463944447
NGA,Cross River,2024,1,9534.158561378388
NGA,Cross River,2024,2,7821.499528465972
NGA,Cross River,2024,3,7003.828042113701
NGA,Cross River,2024,4,6825.637339334044
NGA,Cross River,2024,5,6920.026387212295
NGA,Cross River,2024,6,6948.940023923423
NGA,Cross River,2024,7,7316.119142442765
NGA,Cross River,2024,8,7360.784416215849
NGA,Cross River,2024,9,7240.131771632645
NGA,Cross River,2024,10,7099.28090012619
NGA,Cross River,2024,11,6788.67101870539
NGA,Cross River,2024,12,7670.945412744548
NGA,Cross River,2025,1,9971.552267200368
NGA,Cross River,2025,2,7964.252740960945
NGA,Cross River,2025,3,7096.298184992718
NGA,Cross River,2025,4,6894.7249555434
NGA,Cross River,2025,5,6990.144102864065
NGA,Cross River,2025,6,7018.720531641964
NGA,Cross River,2025,7,7387.296232064451
NGA,Cross River,2025,8,7431.9886285764915
NGA,Cross River,2025,9,7309.6175317481375
NGA,Cross River,2025,10,7170.417718762509
NGA,Cross River,2025,11,6868.258362739603
NGA,Cross River,2025,12,7879.709257996425
NGA,Cross River,2026,1,10034.615039779068
NGA,Cross River,2026,2,8023.033619283222
NGA,Cross River,2026,3,7159.225747349057
NGA,Cross River,2026,4,6957.187368129027
NGA,Cross River,2026,5,7032.964839078886
NGA,Enugu,2021,1,6315.2506651083295
NGA,Enugu,2021,2,5608.933203474242
NGA,Enugu,2021,3,5674.238042488498
NGA,Enugu,2021,4,5601.805796906132
NGA,Enugu,2021,5,5751.023561705638
NGA,Enugu,2021,6,5671.305943444219
NGA,Enugu,2021,7,5807.166470757944
NGA,Enugu,2021,8,5803.03053263851
NGA,Enugu,2021,9,5680.024991257842
NGA,Enugu,2021,10,5746.890494424258
NGA,Enugu,2021,11,5539.271123662942
NGA,Enugu,2021,12,5931.003495283381
NGA,Enugu,2022,1,6703.652100671539
NGA,Enugu,2022,2,5834.402624692966
NGA,Enugu,2022,3,5702.576530673678
NGA,Enugu,2022,4,5624.248358724917
NGA,Enugu,2022,5,5763.175661804371
NGA,Enugu,2022,6,5699.102767679135
NGA,Enugu,2022,7,5875.854835127909
NGA,Enugu,2022,8,5878.745908344615
NGA,Enugu,2022,9,5751.775821444744
NGA,Enugu,2022,10,5790.103844940531
NGA,Enugu,2022,11,5562.864831345644
NGA,Enugu,2022,12,6098.1799433027945
NGA,Enugu,2023,1,6417.152822071063
NGA,Enugu,2023,2,5732.02573125307
NGA,Enugu,2023,3,5769.6280299030805
NGA,Enugu,2023,4,5690.053100570565
NGA,Enugu,2023,5,5833.14256559268
NGA,Enugu,2023,6,5768.789734954777
NGA,Enugu,2023,7,5943.836197440496
NGA,Enugu,2023,8,5946.384119819731
NGA,Enugu,2023,9,5819.278781466101
NGA,Enugu,2023,10,5858.378046923019
NGA,Enugu,2023,11,5628.420390677795
NGA,Enugu,2023,12,6000.973295179134
NGA,Enugu,2024,1,6521.055248227005
NGA,Enugu,2024,2,5944.940556898479
NGA,Enugu,2024,3,5861.809922695777
NGA,Enugu,2024,4,5779.83445981279
NGA,Enugu,2024,5,5924.1195915794615
NGA,Enugu,2024,6,5862.53548213876
NGA,Enugu,2024,7,6049.943354278621
NGA,Enugu,2024,8,6054.221732153672
NGA,Enugu,2024,9,5925.00605697854
NGA,Enugu,2024,10,5956.378242587984
NGA,Enugu,2024,11,5715.925687324589
NGA,Enugu,2024,12,6093.895327295593
NGA,Enugu,2025,1,6711.984201579386
NGA,Enugu,2025,2,5961.40237581757
NGA,Enugu,2025,3,5937.375838358676
NGA,Enugu,2025,4,5853.486709518256
NGA,Enugu,2025,5,5997.960833473297
NGA,Enugu,2025,6,5936.077798885857
NGA,Enugu,2025,7,6124.908770142909
NGA,Enugu,2025,8,6129.222312943095
NGA,Enugu,2025,9,5998.235099443564
NGA,Enugu,2025,10,6030.327352891912
NGA,Enugu,2025,11,5789.559366098827
NGA,Enugu,2025,12,6206.572579527419
NGA,Enugu,2026,1,6775.874903955911
NGA,Enugu,2026,2,6020.96804718188
NGA,Enugu,2026,3,6002.340219816917
NGA,Enugu,2026,4,5917.885110714936
NGA,Enugu,2026,5,6040.7796841482295
USA,California,2021,1,120777.77850179988
USA,California,2021,2,119982.64214270152
USA,California,2021,3,124187.1885873047
USA,California,2021,4,128661.6114484375
USA,California,2021,5,132284.26957302022
USA,California,2021,6,133365.1086836891
USA,California,2021,7,133538.83673101413
USA,California,2021,8,133443.61460243943
USA,California,2021,9,128072.19751419353
USA,California,2021,10,123568.53682136296
USA,California,2021,11,122840.02245925245
USA,California,2021,12,123843.65145227814
USA,California,2022,1,118668.508783799
USA,California,2022,2,118227.7286905093
USA,California,2022,3,120871.1579917182
USA,California,2022,4,124399.54238029072
USA,California,2022,5,126526.7051301562
USA,California,2022,6,126926.25537411132
USA,California,2022,7,127376.3566578374
USA,California,2022,8,127441.00746955827
USA,California,2022,9,124013.69144563642
USA,California,2022,10,120243.61136285494
USA,California,2022,11,120853.3770586514
USA,California,2022,12,121247.12817198514
USA,California,2023,1,119951.40745445497
USA,California,2023,2,119897.32421309894
USA,California,2023,3,123180.75254104631
USA,California,2023,4,127924.27652510616
USA,California,2023,5,131242.58806547
USA,California,2023,6,132389.8160315634
USA,California,2023,7,132908.19919195934
USA,California,2023,8,132675.57231665225
USA,California,2023,9,127878.5178601556
USA,California,2023,10,122843.96570517824
USA,California,2023,11,122402.19900089513
USA,California,2023,12,122469.18785720217
USA,California,2024,1,119696.3058546886
USA,California,2024,2,119898.24566580082
USA,California,2024,3,122810.39667320484
USA,California,2024,4,127062.54568807653
USA,California,2024,5,130248.6917534694
USA,California,2024,6,131193.4797641544
USA,California,2024,7,131836.8789551659
USA,California,2024,8,131691.38322786463
USA,California,2024,9,126954.36663843904
USA,California,2024,10,122132.99734499976
USA,California,2024,11,122136.5591647265
USA,California,2024,12,122105.44694534432
USA,California,2025,1,120059.62436891036
USA,California,2025,2,118470.38412723914
USA,California,2025,3,121892.35041762717
USA,California,2025,4,125823.80216702056
USA,California,2025,5,129144.6814844909
USA,California,2025,6,129894.08398368726
USA,California,2025,7,130824.18009590036
USA,California,2025,8,130390.04323525044
USA,California,2025,9,125031.843948283
USA,California,2025,10,120482.24670378788
USA,California,2025,11,119456.91562100868
USA,California,2025,12,120119.76185200176
USA,California,2026,1,120246.6671312406
USA,California,2026,2,118817.6020712984
USA,California,2026,3,121270.74148729074
USA,California,2026,4,126048.07928949708
USA,California,2026,5,129423.56836499604
USA,Colorado,2021,1,139744.35272478964
USA,Colorado,2021,2,131842.70559394374
USA,Colorado,2021,3,137277.15515106186
USA,Colorado,2021,4,144079.19515046876
USA,Colorado,2021,5,146707.44563993995
USA,Colorado,2021,6,142856.97359071134
USA,Colorado,2021,7,147347.23132444348
USA,Colorado,2021,8,146244.80095759904
USA,Colorado,2021,9,144165.91846452697
USA,Colorado,2021,10,145327.09990133354
USA,Colorado,2021,11,142062.5712354057
USA,Colorado,2021,12,143109.9745195323
USA,Colorado,2022,1,139538.30832595026
USA,Colorado,2022,2,132951.15169379764
USA,Colorado,2022,3,140297.1290379799
USA,Colorado,2022,4,145182.0004203844
USA,Colorado,2022,5,145757.6967602078
USA,Colorado,2022,6,142694.91839728222
USA,Colorado,2022,7,144923.39785532217
USA,Colorado,2022,8,144446.54556983203
USA,Colorado,2022,9,142518.9095057135
USA,Colorado,2022,10,140272.49009996897
USA,Colorado,2022,11,138213.6868776365
USA,Colorado,2022,12,137354.5521827603
USA,Colorado,2023,1,135624.6852758554
USA,Colorado,2023,2,127822.03904749392
USA,Colorado,2023,3,134686.21804065915
USA,Colorado,2023,4,140219.68227411617
USA,Colorado,2023,5,142198.36773414392
USA,Colorado,2023,6,140537.27780289567
USA,Colorado,2023,7,144415.83014155272
USA,Colorado,2023,8,145357.1464497359
USA,Colorado,2023,9,142323.32656261395
USA,Colorado,2023,10,141016.86261937738
USA,Colorado,2023,11,139553.84358662687
USA,Colorado,2023,12,142104.51456238655
USA,Colorado,2024,1,136530.95283632437
USA,Colorado,2024,2,133568.4513588828
USA,Colorado,2024,3,137708.12591115892
USA,Colorado,2024,4,139742.16012813922
USA,Colorado,2024,5,141451.87537667705
USA,Colorado,2024,6,138264.05279613833
USA,Colorado,2024,7,142659.720035461
USA,Colorado,2024,8,142279.56020046645
USA,Colorado,2024,9,139784.35795893933
USA,Colorado,2024,10,141417.5092888758
USA,Colorado,2024,11,140773.16586890025
USA,Colorado,2024,12,142915.5678421576
USA,Colorado,2025,1,133456.52151502733
USA,Colorado,2025,2,127320.90099630626
USA,Colorado,2025,3,134258.2005186757
USA,Colorado,2025,4,136904.7970653418
USA,Colorado,2025,5,139748.76165593162
USA,Colorado,2025,6,136208.63773286782
USA,Colorado,2025,7,142353.56802761398
USA,Colorado,2025,8,142519.39084118977
USA,Colorado,2025,9,140229.56035601252
USA,Colorado,2025,10,139896.50128128147
USA,Colorado,2025,11,137226.86527008508
USA,Colorado,2025,12,140216.94927170995
USA,Colorado,2026,1,133482.65072187636
USA,Colorado,2026,2,127334.8242159332
USA,Colorado,2026,3,134335.6355647194
USA,Colorado,2026,4,137001.91407481412
USA,Colorado,2026,5,139798.60027873935
USA,Maryland,2021,1,7428.864888670213
USA,Maryland,2021,2,7204.692291565164
USA,Maryland,2021,3,7219.75169695094
USA,Maryland,2021,4,7204.873874616352
USA,Maryland,2021,5,7173.819557392814
USA,Maryland,2021,6,7059.665820705039
USA,Maryland,2021,7,7176.348285786398
USA,Maryland,2021,8,7143.360527637855
USA,Maryland,2021,9,7023.53819858216
USA,Maryland,2021,10,7045.128242742903
USA,Maryland,2021,11,7254.344478284713
USA,Maryland,2021,12,7298.484573059554
USA,Maryland,2022,1,7793.774486671884
USA,Maryland,2022,2,7438.339953148132
USA,Maryland,2022,3,7497.106440068863
USA,Maryland,2022,4,7518.1914111945425
USA,Maryland,2022,5,7473.964228780782
USA,Maryland,2022,6,7365.396537024362
USA,Maryland,2022,7,7447.4391279672145
USA,Maryland,2022,8,7384.72764833596
USA,Maryland,2022,9,7327.330887822372
USA,Maryland,2022,10,7474.841442476541
USA,Maryland,2022,11,7484.819576209713
USA,Maryland,2022,12,7733.947832931862
USA,Maryland,2023,1,7739.018952318296
USA,Maryland,2023,2,7518.26051541304
USA,Maryland,2023,3,7627.029350446066
USA,Maryland,2023,4,7502.386023767983
USA,Maryland,2023,5,7484.7529797615025
USA,Maryland,2023,6,7401.52578868237
USA,Maryland,2023,7,7476.380600199425
USA,Maryland,2023,8,7403.121595647856
USA,Maryland,2023,9,7392.137309358888
USA,Maryland,2023,10,7466.728012307833
USA,Maryland,2023,11,7633.345157512074
USA,Maryland,2023,12,7754.446590093286
USA,Maryland,2024,1,7941.5961152340915
USA,Maryland,2024,2,7732.659675960785
USA,Maryland,2024,3,7722.043636511411
USA,Maryland,2024,4,7730.528622638711
USA,Maryland,2024,5,7657.094266419372
USA,Maryland,2024,6,7594.966284260496
USA,Maryland,2024,7,7674.841311099577
USA,Maryland,2024,8,7657.13668909612
USA,Maryland,2024,9,7581.528204285081
USA,Maryland,2024,10,7660.731610253639
USA,Maryland,2024,11,7725.18014256616
USA,Maryland,2024,12,8066.666459013468
USA,Maryland,2025,1,7852.541510139645
USA,Maryland,2025,2,7553.958196494046
USA,Maryland,2025,3,7531.177059708158
USA,Maryland,2025,4,7532.693305421655
USA,Maryland,2025,5,7493.798963339303
USA,Maryland,2025,6,7401.438068715415
USA,Maryland,2025,7,7487.865470534105
USA,Maryland,2025,8,7473.020849674674
USA,Maryland,2025,9,7437.408140143013
USA,Maryland,2025,10,7503.206901906595
USA,Maryland,2025,11,7582.612444452647
USA,Maryland,2025,12,7823.452117988421
USA,Maryland,2026,1,7903.41128795708
USA,Maryland,2026,2,7615.6917857259905
USA,Maryland,2026,3,7576.68403428674
USA,Maryland,2026,4,7581.010727262773
USA,Maryland,2026,5,7555.7478578757455
ZAF,Gauteng,2021,1,19831.285185779197
ZAF,Gauteng,2021,2,19453.473222045483
ZAF,Gauteng,2021,3,19909.78225140154
ZAF,Gauteng,2021,4,19821.118495694704
ZAF,Gauteng,2021,5,20355.218868738164
ZAF,Gauteng,2021,6,20623.640695304097
ZAF,Gauteng,2021,7,21103.518826711297
ZAF,Gauteng,2021,8,20301.74356734301
ZAF,Gauteng,2021,9,19672.856040635463
ZAF,Gauteng,2021,10,20128.95597189917
ZAF,Gauteng,2021,11,19872.564386830534
ZAF,Gauteng,2021,12,20004.883484502832
ZAF,Gauteng,2022,1,20109.30300011091
ZAF,Gauteng,2022,2,19653.20748166172
ZAF,Gauteng,2022,3,20056.38209942266
ZAF,Gauteng,2022,4,20202.815484053448
ZAF,Gauteng,2022,5,20605.43657011293
ZAF,Gauteng,2022,6,20996.228943532016
ZAF,Gauteng,2022,7,20894.04398280617
ZAF,Gauteng,2022,8,20519.6707689248
ZAF,Gauteng,2022,9,19820.59379948527
ZAF,Gauteng,2022,10,20053.76764610792
ZAF,Gauteng,2022,11,20086.964930585666
ZAF,Gauteng,2022,12,20132.330555757297
ZAF,Gauteng,2023,1,20411.73053578542
ZAF,Gauteng,2023,2,19914.28090269782
ZAF,Gauteng,2023,3,20356.298399607414
ZAF,Gauteng,2023,4,20346.969381001025
ZAF,Gauteng,2023,5,20776.66671713377
ZAF,Gauteng,2023,6,21111.209344904164
ZAF,Gauteng,2023,7,21503.544861646704
ZAF,Gauteng,2023,8,20893.444294201665
ZAF,Gauteng,2023,9,20197.91490689388
ZAF,Gauteng,2023,10,20586.50519884495
ZAF,Gauteng,2023,11,20326.66466754915
ZAF,Gauteng,2023,12,20399.32757741562
ZAF,Gauteng,2024,1,20531.86992232418
ZAF,Gauteng,2024,2,20140.89490429337
ZAF,Gauteng,2024,3,20379.706510451477
ZAF,Gauteng,2024,4,20479.10822624387
ZAF,Gauteng,2024,5,20810.250188018083
ZAF,Gauteng,2024,6,21447.871977514893
ZAF,Gauteng,2024,7,21584.105295979447
ZAF,Gauteng,2024,8,20904.27487132985
ZAF,Gauteng,2024,9,20401.99532492552
ZAF,Gauteng,2024,10,20747.786834243103
ZAF,Gauteng,2024,11,20417.620139031933
ZAF,Gauteng,2024,12,20451.7424964152
ZAF,Gauteng,2025,1,20603.013346019638
ZAF,Gauteng,2025,2,20140.76234132022
ZAF,Gauteng,2025,3,20550.07198178338
ZAF,Gauteng,2025,4,20613.25746667139
ZAF,Gauteng,2025,5,21251.90577034038
ZAF,Gauteng,2025,6,21585.08108524574
ZAF,Gauteng,2025,7,21679.58115820754
ZAF,Gauteng,2025,8,21009.305238001984
ZAF,Gauteng,2025,9,20349.699869419004
ZAF,Gauteng,2025,10,20813.133657084723
ZAF,Gauteng,2025,11,20727.98620928416
ZAF,Gauteng,2025,12,20719.990609096443
ZAF,Gauteng,2026,1,20815.39761891064
ZAF,Gauteng,2026,2,20338.73135031644
ZAF,Gauteng,2026,3,20743.05725943733
ZAF,Gauteng,2026,4,20669.958780437624
ZAF,Gauteng,2026,5,21293.25636439055
ZAF,Western Cape,2021,1,17155.061784030986
ZAF,Western Cape,2021,2,17024.661583888068
ZAF,Western Cape,2021,3,17620.706417396814
ZAF,Western Cape,2021,4,17635.515985993043
ZAF,Western Cape,2021,5,17260.68160151263
ZAF,Western Cape,2021,6,17089.99806974626
ZAF,Western Cape,2021,7,17447.99559916251
ZAF,Western Cape,2021,8,17375.30460144422
ZAF,Western Cape,2021,9,17237.610723786882
ZAF,Western Cape,2021,10,17278.137326155724
ZAF,Western Cape,2021,11,17174.582747588953
ZAF,Western Cape,2021,12,17502.46675613273
ZAF,Western Cape,2022,1,17222.09889845092
ZAF,Western Cape,2022,2,17062.70530862041
ZAF,Western Cape,2022,3,17599.16459163559
ZAF,Western Cape,2022,4,17508.412565981453
ZAF,Western Cape,2022,5,17291.32242759016
ZAF,Western Cape,2022,6,17195.69450033619
ZAF,Western Cape,2022,7,17371.706637199488
ZAF,Western Cape,2022,8,17388.317036927732
ZAF,Western Cape,2022,9,17290.077041399403
ZAF,Western Cape,2022,10,17238.453034092003
ZAF,Western Cape,2022,11,17409.29459058476
ZAF,Western Cape,2022,12,17286.126307294995
ZAF,Western Cape,2023,1,17351.272780819418
ZAF,Western Cape,2023,2,17192.324194345107
ZAF,Western Cape,2023,3,18092.61083502302
ZAF,Western Cape,2023,4,17959.865668507897
ZAF,Western Cape,2023,5,17570.015244789134
ZAF,Western Cape,2023,6,17377.743506054656
ZAF,Western Cape,2023,7,17595.16115470817
ZAF,Western Cape,2023,8,17500.505030407072
ZAF,Western Cape,2023,9,17522.694611973464
ZAF,Western Cape,2023,10,17441.922478401466
ZAF,Western Cape,2023,11,17365.17594463368
ZAF,Western Cape,2023,12,17515.7717201735
ZAF,Western Cape,2024,1,17247.68570945653
ZAF,Western Cape,2024,2,17165.486618856718
ZAF,Western Cape,2024,3,18002.100045234696
ZAF,Western Cape,2024,4,17806.84009175327
ZAF,Western Cape,2024,5,17337.16697635322
ZAF,Western Cape,2024,6,17173.664964223884
ZAF,Western Cape,2024,7,17460.284108452397
ZAF,Western Cape,2024,8,17444.548161361596
ZAF,Western Cape,2024,9,17357.42021464686
ZAF,Western Cape,2024,10,17302.806995224717
ZAF,Western Cape,2024,11,17252.835759215184
ZAF,Western Cape,2024,12,17361.411399737488
ZAF,Western Cape,2025,1,17346.7554436111
ZAF,Western Cape,2025,2,17186.873408563733
ZAF,Western Cape,2025,3,18141.415631406948
ZAF,Western Cape,2025,4,17954.220726255586
ZAF,Western Cape,2025,5,17506.9396453809
ZAF,Western Cape,2025,6,17347.51457063895
ZAF,Western Cape,2025,7,17527.913096482065
ZAF,Western Cape,2025,8,17486.402480740835
ZAF,Western Cape,2025,9,17341.36141958544
ZAF,Western Cape,2025,10,17420.986435328334
ZAF,Western Cape,2025,11,17253.3922672311
ZAF,Western Cape,2025,12,17405.97469672248
ZAF,Western Cape,2026,1,17403.17663829083
ZAF,Western Cape,2026,2,17240.499661386122
ZAF,Western Cape,2026,3,18228.937975929453
ZAF,Western Cape,2026,4,18058.100910053246
ZAF,Western Cape,2026,5,17554.682969374557
