iso3_country,location,sector,year,total_emission
ARG,Buenos Aires,agriculture,2021,369756.1354653289
ARG,Buenos Aires,buildings-fuel-use,2021,3224.0065317324584
ARG,Buenos Aires,fossil-fuel-operations,2021,805.2828857929477
ARG,Buenos Aires,land-use-change,2021,73.07360125354894
ARG,Buenos Aires,manufacturing,2021,5002.995103370712
ARG,Buenos Aires,power,2021,0.0
ARG,Buenos Aires,transportation,2021,1545.7076641465987
ARG,Buenos Aires,waste,2021,170701.2430248339
ARG,Buenos Aires,agriculture,2022,369929.1804319477
ARG,Buenos Aires,buildings-fuel-use,2022,3014.473374465918
ARG,Buenos Aires,fossil-fuel-operations,2022,1140.4798931836967
ARG,Buenos Aires,land-use-change,2022,70.18044529547318
ARG,Buenos Aires,manufacturing,2022,5367.917531628089
ARG,Buenos Aires,power,2022,0.0
ARG,Buenos Aires,transportation,2022,1381.7906698286502
ARG,Buenos Aires,waste,2022,172592.44157280488
ARG,Buenos Aires,agriculture,2023,374773.7673241396
ARG,Buenos Aires,buildings-fuel-use,2023,2939.3492725294923
ARG,Buenos Aires,fossil-fuel-operations,2023,1132.9950490113856
ARG,Buenos Aires,land-use-change,2023,65.46435450305819
ARG,Buenos Aires,manufacturing,2023,5515.326971755303
ARG,Buenos Aires,power,2023,0.0
ARG,Buenos Aires,transportation,2023,1409.3809520510204
ARG,Buenos Aires,waste,2023,174108.539662955
ARG,Buenos Aires,agriculture,2024,377344.4024958774
ARG,Buenos Aires,buildings-fuel-use,2024,2956.638225412302
ARG,Buenos Aires,fossil-fuel-operations,2024,1150.071300353786
ARG,Buenos Aires,land-use-change,2024,70.70944014204544
ARG,Buenos Aires,manufacturing,2024,5058.066913020678
ARG,Buenos Aires,power,2024,0.0
ARG,Buenos Aires,transportation,2024,1331.1994172004477
ARG,Buenos Aires,waste,2024,175779.56665807334
ARG,Buenos Aires,agriculture,2025,377323.6477373185
ARG,Buenos Aires,buildings-fuel-use,2025,2968.973453205273
ARG,Buenos Aires,fossil-fuel-operations,2025,1149.9870819074156
ARG,Buenos Aires,land-use-change,2025,73.73614307036443
ARG,Buenos Aires,manufacturing,2025,5678.288478616117
ARG,Buenos Aires,power,2025,0.0
ARG,Buenos Aires,transportation,2025,1346.9277595485742
ARG,Buenos Aires,waste,2025,176984.14031293307
ARG,Buenos Aires,agriculture,2026,156720.86878889945
ARG,Buenos Aires,buildings-fuel-use,2026,1013.783996600596
ARG,Buenos Aires,fossil-fuel-operations,2026,479.0901756547436
ARG,Buenos Aires,land-use-change,2026,30.327986356826404
ARG,Buenos Aires,manufacturing,2026,1838.978537137927
ARG,Buenos Aires,power,2026,0.0
ARG,Buenos Aires,transportation,2026,486.2217079819404
ARG,Buenos Aires,waste,2026,73838.28299719654
ARG,Chubut,agriculture,2021,515186.92838823417
ARG,Chubut,buildings-fuel-use,2021,168.90710367176808
ARG,Chubut,fossil-fuel-operations,2021,4788.0125131561335
ARG,Chubut,land-use-change,2021,1407.5195162710831
ARG,Chubut,manufacturing,2021,175.678347727415
ARG,Chubut,power,2021,0.0
ARG,Chubut,transportation,2021,83.62643587544834
ARG,Chubut,waste,2021,1800.102258255516
ARG,Chubut,agriculture,2022,509475.4244717972
ARG,Chubut,buildings-fuel-use,2022,159.44639504930987
ARG,Chubut,fossil-fuel-operations,2022,4733.256836213114
ARG,Chubut,land-use-change,2022,1301.8763995783854
ARG,Chubut,manufacturing,2022,216.0352414935709
ARG,Chubut,power,2022,0.0
ARG,Chubut,transportation,2022,81.4141915378877
ARG,Chubut,waste,2022,1815.2172459141696
ARG,Chubut,agriculture,2023,512992.0644983068
ARG,Chubut,buildings-fuel-use,2023,159.67672386580043
ARG,Chubut,fossil-fuel-operations,2023,4972.308872769866
ARG,Chubut,land-use-change,2023,1452.2384821250612
ARG,Chubut,manufacturing,2023,211.6094534230602
ARG,Chubut,power,2023,0.0
ARG,Chubut,transportation,2023,83.56195697383986
ARG,Chubut,waste,2023,1818.4233801716016
ARG,Chubut,agriculture,2024,519201.37160197657
ARG,Chubut,buildings-fuel-use,2024,160.19348057627963
ARG,Chubut,fossil-fuel-operations,2024,4733.654372580751
ARG,Chubut,land-use-change,2024,1365.779258030708
ARG,Chubut,manufacturing,2024,211.60945342023348
ARG,Chubut,power,2024,0.0
ARG,Chubut,transportation,2024,88.36544565475907
ARG,Chubut,waste,2024,1824.7857907161497
ARG,Chubut,agriculture,2025,519201.373617205
ARG,Chubut,buildings-fuel-use,2025,160.33212546803725
ARG,Chubut,fossil-fuel-operations,2025,4546.385877745986
ARG,Chubut,land-use-change,2025,1435.3625132583734
ARG,Chubut,manufacturing,2025,211.6094534198815
ARG,Chubut,power,2025,0.0
ARG,Chubut,transportation,2025,87.05040882054735
ARG,Chubut,waste,2025,1823.299458250512
ARG,Chubut,agriculture,2026,216054.76325805485
ARG,Chubut,buildings-fuel-use,2026,56.47106464935944
ARG,Chubut,fossil-fuel-operations,2026,1873.4115479036068
ARG,Chubut,land-use-change,2026,717.577653410199
ARG,Chubut,manufacturing,2026,88.0281862454365
ARG,Chubut,power,2026,0.0
ARG,Chubut,transportation,2026,36.13634049292736
ARG,Chubut,waste,2026,770.8101668740853
ARG,Córdoba,agriculture,2021,117324.63967878104
ARG,Córdoba,buildings-fuel-use,2021,764.9024225758293
ARG,Córdoba,fossil-fuel-operations,2021,150.09489479023784
ARG,Córdoba,land-use-change,2021,2088.244432604387
ARG,Córdoba,manufacturing,2021,621.7701375410267
ARG,Córdoba,power,2021,0.0
ARG,Córdoba,transportation,2021,351.858880091448
ARG,Córdoba,waste,2021,89313.05944492733
ARG,Córdoba,agriculture,2022,120753.98017449198
ARG,Córdoba,buildings-fuel-use,2022,711.8505624833092
ARG,Córdoba,fossil-fuel-operations,2022,240.5753342165439
ARG,Córdoba,land-use-change,2022,1885.1945264475687
ARG,Córdoba,manufacturing,2022,764.6033990801526
ARG,Córdoba,power,2022,0.0
ARG,Córdoba,transportation,2022,359.02774734480124
ARG,Córdoba,waste,2022,90733.43873410588
ARG,Córdoba,agriculture,2023,121363.3216484102
ARG,Córdoba,buildings-fuel-use,2023,684.4973032050012
ARG,Córdoba,fossil-fuel-operations,2023,233.81707960956248
ARG,Córdoba,land-use-change,2023,1924.6231746997223
ARG,Córdoba,manufacturing,2023,748.9394149129139
ARG,Córdoba,power,2023,0.0
ARG,Córdoba,transportation,2023,366.6751480033419
ARG,Córdoba,waste,2023,92059.41983725016
ARG,Córdoba,agriculture,2024,121653.84089629952
ARG,Córdoba,buildings-fuel-use,2024,689.7827003534438
ARG,Córdoba,fossil-fuel-operations,2024,234.8197841913069
ARG,Córdoba,land-use-change,2024,1918.7899362544945
ARG,Córdoba,manufacturing,2024,748.9394149029094
ARG,Córdoba,power,2024,0.0
ARG,Córdoba,transportation,2024,375.2521894543621
ARG,Córdoba,waste,2024,93386.48355287884
ARG,Córdoba,agriculture,2025,121640.93208518364
ARG,Córdoba,buildings-fuel-use,2025,693.6846908984294
ARG,Córdoba,fossil-fuel-operations,2025,234.81978415290772
ARG,Córdoba,land-use-change,2025,2123.541485154617
ARG,Córdoba,manufacturing,2025,748.9394149016637
ARG,Córdoba,power,2025,0.0
ARG,Córdoba,transportation,2025,377.9152123352889
ARG,Córdoba,waste,2025,94625.14267007652
ARG,Córdoba,agriculture,2026,50292.62096984874
ARG,Córdoba,buildings-fuel-use,2026,241.0724775775539
ARG,Córdoba,fossil-fuel-operations,2026,97.80953118312344
ARG,Córdoba,land-use-change,2026,965.8092037496295
ARG,Córdoba,manufacturing,2026,311.5540314292865
ARG,Córdoba,power,2026,0.0
ARG,Córdoba,transportation,2026,156.43895898284364
ARG,Córdoba,waste,2026,39440.1765706291
BOL,Santa Cruz,agriculture,2021,242349.190611401
BOL,Santa Cruz,buildings-fuel-use,2021,258.9510799100784
BOL,Santa Cruz,fossil-fuel-operations,2021,183413.79503183093
BOL,Santa Cruz,land-use-change,2021,6.96036242357278e-10
BOL,Santa Cruz,manufacturing,2021,242.540102687952
BOL,Santa Cruz,power,2021,0.0
BOL,Santa Cruz,transportation,2021,208.7204976373858
BOL,Santa Cruz,waste,2021,8594.246330992415
BOL,Santa Cruz,agriculture,2022,246379.0469468132
BOL,Santa Cruz,buildings-fuel-use,2022,247.73867468252263
BOL,Santa Cruz,fossil-fuel-operations,2022,157816.15920786635
BOL,Santa Cruz,land-use-change,2022,4.176218690553403e-09
BOL,Santa Cruz,manufacturing,2022,257.9985052326677
BOL,Santa Cruz,power,2022,0.0
BOL,Santa Cruz,transportation,2022,213.42524802171584
BOL,Santa Cruz,waste,2022,8761.063784837012
BOL,Santa Cruz,agriculture,2023,250952.07758203967
BOL,Santa Cruz,buildings-fuel-use,2023,259.69585212316883
BOL,Santa Cruz,fossil-fuel-operations,2023,135789.04367986263
BOL,Santa Cruz,land-use-change,2023,1.392074957534027e-09
BOL,Santa Cruz,manufacturing,2023,280.6146145056653
BOL,Santa Cruz,power,2023,0.0
BOL,Santa Cruz,transportation,2023,215.06139233549908
BOL,Santa Cruz,waste,2023,8857.296215532104
BOL,Santa Cruz,agriculture,2024,253334.92637181876
BOL,Santa Cruz,buildings-fuel-use,2024,282.87883327495706
BOL,Santa Cruz,fossil-fuel-operations,2024,121469.68201302634
BOL,Santa Cruz,land-use-change,2024,3.132165872529656e-09
BOL,Santa Cruz,manufacturing,2024,280.61461450566526
BOL,Santa Cruz,power,2024,0.0
BOL,Santa Cruz,transportation,2024,216.8934664262796
BOL,Santa Cruz,waste,2024,8974.03546442135
BOL,Santa Cruz,agriculture,2025,254045.9398180619
BOL,Santa Cruz,buildings-fuel-use,2025,285.46242724375657
BOL,Santa Cruz,fossil-fuel-operations,2025,111605.81813931168
BOL,Santa Cruz,land-use-change,2025,3.1278707122888517e-09
BOL,Santa Cruz,manufacturing,2025,280.6146145056653
BOL,Santa Cruz,power,2025,0.0
BOL,Santa Cruz,transportation,2025,219.2301909864736
BOL,Santa Cruz,waste,2025,9037.086960904524
BOL,Santa Cruz,agriculture,2026,104302.36906335912
BOL,Santa Cruz,buildings-fuel-use,2026,109.0056669478238
BOL,Santa Cruz,fossil-fuel-operations,2026,45981.438667301554
BOL,Santa Cruz,land-use-change,2026,6.960356241524103e-10
BOL,Santa Cruz,manufacturing,2026,116.97564564497844
BOL,Santa Cruz,power,2026,0.0
BOL,Santa Cruz,transportation,2026,90.38819027697204
BOL,Santa Cruz,waste,2026,3848.773835193661
BRA,Espírito Santo,agriculture,2021,127377.874061913
BRA,Espírito Santo,buildings-fuel-use,2021,2903.312314269752
BRA,Espírito Santo,fossil-fuel-operations,2021,8333.994770989415
BRA,Espírito Santo,land-use-change,2021,60.31617430287122
BRA,Espírito Santo,manufacturing,2021,797.8535812721332
BRA,Espírito Santo,power,2021,0.0
BRA,Espírito Santo,transportation,2021,267.4010269083672
BRA,Espírito Santo,waste,2021,48009.26777288559
BRA,Espírito Santo,agriculture,2022,120558.045590544
BRA,Espírito Santo,buildings-fuel-use,2022,2870.1752516536194
BRA,Espírito Santo,fossil-fuel-operations,2022,7568.1542604847955
BRA,Espírito Santo,land-use-change,2022,60.92377812897946
BRA,Espírito Santo,manufacturing,2022,856.6071529798259
BRA,Espírito Santo,power,2022,0.0
BRA,Espírito Santo,transportation,2022,272.94791874620864
BRA,Espírito Santo,waste,2022,48299.88100516812
BRA,Espírito Santo,agriculture,2023,122378.77009196785
BRA,Espírito Santo,buildings-fuel-use,2023,2900.5188195971627
BRA,Espírito Santo,fossil-fuel-operations,2023,8262.315175303516
BRA,Espírito Santo,land-use-change,2023,75.05161869837353
BRA,Espírito Santo,manufacturing,2023,801.8932699839172
BRA,Espírito Santo,power,2023,0.0
BRA,Espírito Santo,transportation,2023,277.1289435505571
BRA,Espírito Santo,waste,2023,48498.55244260471
BRA,Espírito Santo,agriculture,2024,122050.10146369704
BRA,Espírito Santo,buildings-fuel-use,2024,2926.700883575176
BRA,Espírito Santo,fossil-fuel-operations,2024,5292.504064962378
BRA,Espírito Santo,land-use-change,2024,68.50918544925192
BRA,Espírito Santo,manufacturing,2024,801.8932698821235
BRA,Espírito Santo,power,2024,0.0
BRA,Espírito Santo,transportation,2024,280.8377072407839
BRA,Espírito Santo,waste,2024,48416.46871484785
BRA,Espírito Santo,agriculture,2025,122196.0392810778
BRA,Espírito Santo,buildings-fuel-use,2025,2945.0088616711355
BRA,Espírito Santo,fossil-fuel-operations,2025,7099.90171439788
BRA,Espírito Santo,land-use-change,2025,67.35854331645085
BRA,Espírito Santo,manufacturing,2025,801.8932698900607
BRA,Espírito Santo,power,2025,0.0
BRA,Espírito Santo,transportation,2025,291.3215289247936
BRA,Espírito Santo,waste,2025,48330.64459215882
BRA,Espírito Santo,agriculture,2026,50678.06416139311
BRA,Espírito Santo,buildings-fuel-use,2026,1200.0416263066618
BRA,Espírito Santo,fossil-fuel-operations,2026,2886.0167502960267
BRA,Espírito Santo,land-use-change,2026,19.00179635103389
BRA,Espírito Santo,manufacturing,2026,333.4627704152292
BRA,Espírito Santo,power,2026,0.0
BRA,Espírito Santo,transportation,2026,120.71527012380308
BRA,Espírito Santo,waste,2026,20163.26367204502
BRA,Goiás,agriculture,2021,1202015.9049151214
BRA,Goiás,buildings-fuel-use,2021,4749.986884567788
BRA,Goiás,fossil-fuel-operations,2021,1160.3989958449945
BRA,Goiás,land-use-change,2021,42898.615560961625
BRA,Goiás,manufacturing,2021,1387.2442077245837
BRA,Goiás,power,2021,0.0
BRA,Goiás,transportation,2021,599.1713059556805
BRA,Goiás,waste,2021,85235.61401015025
BRA,Goiás,agriculture,2022,1214795.5213261126
BRA,Goiás,buildings-fuel-use,2022,4698.648594090328
BRA,Goiás,fossil-fuel-operations,2022,1752.981292354125
BRA,Goiás,land-use-change,2022,49870.59631274306
BRA,Goiás,manufacturing,2022,1490.131349747064
BRA,Goiás,power,2022,0.0
BRA,Goiás,transportation,2022,609.401347119746
BRA,Goiás,waste,2022,85752.95061596746
BRA,Goiás,agriculture,2023,1225715.3890366943
BRA,Goiás,buildings-fuel-use,2023,4844.382339976235
BRA,Goiás,fossil-fuel-operations,2023,810.0518449896069
BRA,Goiás,land-use-change,2023,52759.36749142245
BRA,Goiás,manufacturing,2023,1394.9180597653312
BRA,Goiás,power,2023,0.0
BRA,Goiás,transportation,2023,617.0682743889301
BRA,Goiás,waste,2023,86096.21450815658
BRA,Goiás,agriculture,2024,1222182.024822044
BRA,Goiás,buildings-fuel-use,2024,4901.466223643832
BRA,Goiás,fossil-fuel-operations,2024,1612.3447387260387
BRA,Goiás,land-use-change,2024,52635.44418063777
BRA,Goiás,manufacturing,2024,1394.9180595511662
BRA,Goiás,power,2024,0.0
BRA,Goiás,transportation,2024,630.2438456788459
BRA,Goiás,waste,2024,85961.20859322762
BRA,Goiás,agriculture,2025,1224383.0867318637
BRA,Goiás,buildings-fuel-use,2025,4944.791778314485
BRA,Goiás,fossil-fuel-operations,2025,1612.3447387246138
BRA,Goiás,land-use-change,2025,51557.708255933205
BRA,Goiás,manufacturing,2025,1394.9180595650184
BRA,Goiás,power,2025,0.0
BRA,Goiás,transportation,2025,635.7453650666924
BRA,Goiás,waste,2025,85820.28637280759
BRA,Goiás,agriculture,2026,508250.9011620876
BRA,Goiás,buildings-fuel-use,2026,2033.2292555263848
BRA,Goiás,fossil-fuel-operations,2026,671.4237822070304
BRA,Goiás,land-use-change,2026,17696.56853795674
BRA,Goiás,manufacturing,2026,580.0642891469627
BRA,Goiás,power,2026,0.0
BRA,Goiás,transportation,2026,264.6642451762513
BRA,Goiás,waste,2026,35785.14650559106
BRA,Minas Gerais,agriculture,2021,1717806.8976992485
BRA,Minas Gerais,buildings-fuel-use,2021,15448.703010142472
BRA,Minas Gerais,fossil-fuel-operations,2021,3070.4809323365585
BRA,Minas Gerais,land-use-change,2021,80387.02875662476
BRA,Minas Gerais,manufacturing,2021,3553.568195699585
BRA,Minas Gerais,power,2021,0.0
BRA,Minas Gerais,transportation,2021,1430.7600269613993
BRA,Minas Gerais,waste,2021,243724.5223920572
BRA,Minas Gerais,agriculture,2022,1686582.1624448043
BRA,Minas Gerais,buildings-fuel-use,2022,15318.751908094666
BRA,Minas Gerais,fossil-fuel-operations,2022,4578.844005945683
BRA,Minas Gerais,land-use-change,2022,95619.7629160255
BRA,Minas Gerais,manufacturing,2022,3810.147149744099
BRA,Minas Gerais,power,2022,0.0
BRA,Minas Gerais,transportation,2022,1448.3735194093283
BRA,Minas Gerais,waste,2022,244845.29784801128
BRA,Minas Gerais,agriculture,2023,1711265.8214412949
BRA,Minas Gerais,buildings-fuel-use,2023,15215.100248229764
BRA,Minas Gerais,fossil-fuel-operations,2023,2197.9015989845907
BRA,Minas Gerais,land-use-change,2023,104041.44578897266
BRA,Minas Gerais,manufacturing,2023,3567.0229776665
BRA,Minas Gerais,power,2023,0.0
BRA,Minas Gerais,transportation,2023,1465.373962831004
BRA,Minas Gerais,waste,2023,245555.187930178
BRA,Minas Gerais,agriculture,2024,1706697.4294052743
BRA,Minas Gerais,buildings-fuel-use,2024,15354.83532348401
BRA,Minas Gerais,fossil-fuel-operations,2024,4224.222416231865
BRA,Minas Gerais,land-use-change,2024,96167.6615671752
BRA,Minas Gerais,manufacturing,2024,3567.022977179885
BRA,Minas Gerais,power,2024,0.0
BRA,Minas Gerais,transportation,2024,1485.354575574925
BRA,Minas Gerais,waste,2024,244726.21749677535
BRA,Minas Gerais,agriculture,2025,1708647.121373247
BRA,Minas Gerais,buildings-fuel-use,2025,15459.923579254031
BRA,Minas Gerais,fossil-fuel-operations,2025,4222.602728318338
BRA,Minas Gerais,land-use-change,2025,95112.35434851317
BRA,Minas Gerais,manufacturing,2025,3567.022977214872
BRA,Minas Gerais,power,2025,0.0
BRA,Minas Gerais,transportation,2025,1519.93070072885
BRA,Minas Gerais,waste,2025,244060.03325403004
BRA,Minas Gerais,agriculture,2026,707650.6641334412
BRA,Minas Gerais,buildings-fuel-use,2026,6073.497166587069
BRA,Minas Gerais,fossil-fuel-operations,2026,1757.6506129461484
BRA,Minas Gerais,land-use-change,2026,35049.66346547009
BRA,Minas Gerais,manufacturing,2026,1483.3575481514968
BRA,Minas Gerais,power,2026,0.0
BRA,Minas Gerais,transportation,2026,635.2347045031611
BRA,Minas Gerais,waste,2026,101859.58451423436
BRA,Pernambuco,agriculture,2021,174403.4529425205
BRA,Pernambuco,buildings-fuel-use,2021,6752.037831342175
BRA,Pernambuco,fossil-fuel-operations,2021,998.8114340421783
BRA,Pernambuco,land-use-change,2021,21530.894545102987
BRA,Pernambuco,manufacturing,2021,1139.0331165726045
BRA,Pernambuco,power,2021,0.0
BRA,Pernambuco,transportation,2021,489.12019945012463
BRA,Pernambuco,waste,2021,139094.9866758048
BRA,Pernambuco,agriculture,2022,156419.50098604016
BRA,Pernambuco,buildings-fuel-use,2022,6704.905864881864
BRA,Pernambuco,fossil-fuel-operations,2022,1487.8013276328493
BRA,Pernambuco,land-use-change,2022,17878.592717568063
BRA,Pernambuco,manufacturing,2022,1223.526820513387
BRA,Pernambuco,power,2022,0.0
BRA,Pernambuco,transportation,2022,511.47718291488
BRA,Pernambuco,waste,2022,139718.7493093652
BRA,Pernambuco,agriculture,2023,159401.4751078823
BRA,Pernambuco,buildings-fuel-use,2023,6712.818035060036
BRA,Pernambuco,fossil-fuel-operations,2023,720.5549118843757
BRA,Pernambuco,land-use-change,2023,21612.68907733801
BRA,Pernambuco,manufacturing,2023,1145.347736666207
BRA,Pernambuco,power,2023,0.0
BRA,Pernambuco,transportation,2023,526.2865152187898
BRA,Pernambuco,waste,2023,140135.98644389372
BRA,Pernambuco,agriculture,2024,158993.58059655878
BRA,Pernambuco,buildings-fuel-use,2024,6778.61536214575
BRA,Pernambuco,fossil-fuel-operations,2024,1379.343845903564
BRA,Pernambuco,land-use-change,2024,20785.649340414835
BRA,Pernambuco,manufacturing,2024,1145.3477364868984
BRA,Pernambuco,power,2024,0.0
BRA,Pernambuco,transportation,2024,531.4214872065988
BRA,Pernambuco,waste,2024,139880.915403214
BRA,Pernambuco,agriculture,2025,159416.18359038193
BRA,Pernambuco,buildings-fuel-use,2025,6833.078648321174
BRA,Pernambuco,fossil-fuel-operations,2025,1398.1271251025294
BRA,Pernambuco,land-use-change,2025,21694.460355730323
BRA,Pernambuco,manufacturing,2025,1145.3477364982737
BRA,Pernambuco,power,2025,0.0
BRA,Pernambuco,transportation,2025,528.0812409668704
BRA,Pernambuco,waste,2025,139547.5615851088
BRA,Pernambuco,agriculture,2026,66364.97586116263
BRA,Pernambuco,buildings-fuel-use,2026,2853.620868703246
BRA,Pernambuco,fossil-fuel-operations,2026,573.8749525964733
BRA,Pernambuco,land-use-change,2026,8778.812242584389
BRA,Pernambuco,manufacturing,2026,476.2825912539533
BRA,Pernambuco,power,2026,0.0
BRA,Pernambuco,transportation,2026,219.3627172174191
BRA,Pernambuco,waste,2026,58133.45192925258
BRA,Piauí,agriculture,2021,258505.78263128575
BRA,Piauí,buildings-fuel-use,2021,2849.2581737292385
BRA,Piauí,fossil-fuel-operations,2021,397.1834049074096
BRA,Piauí,land-use-change,2021,6444.991746388174
BRA,Piauí,manufacturing,2021,475.07387767854846
BRA,Piauí,power,2021,0.0
BRA,Piauí,transportation,2021,237.6739375960667
BRA,Piauí,waste,2021,38556.839694242015
BRA,Piauí,agriculture,2022,247303.0395342093
BRA,Piauí,buildings-fuel-use,2022,2823.02911247578
BRA,Piauí,fossil-fuel-operations,2022,600.0135133943256
BRA,Piauí,land-use-change,2022,7010.780846583129
BRA,Piauí,manufacturing,2022,510.274061594453
BRA,Piauí,power,2022,0.0
BRA,Piauí,transportation,2022,243.9176047639949
BRA,Piauí,waste,2022,39074.37517886367
BRA,Piauí,agriculture,2023,253916.35381989385
BRA,Piauí,buildings-fuel-use,2023,2808.8026881480605
BRA,Piauí,fossil-fuel-operations,2023,277.26596722036385
BRA,Piauí,land-use-change,2023,5614.968045559017
BRA,Piauí,manufacturing,2023,477.6712600314092
BRA,Piauí,power,2023,0.0
BRA,Piauí,transportation,2023,251.4474874475397
BRA,Piauí,waste,2023,39501.52317776968
BRA,Piauí,agriculture,2024,253365.31432811523
BRA,Piauí,buildings-fuel-use,2024,2831.090896577018
BRA,Piauí,fossil-fuel-operations,2024,551.8761869881002
BRA,Piauí,land-use-change,2024,6557.078664426812
BRA,Piauí,manufacturing,2024,477.67125995526834
BRA,Piauí,power,2024,0.0
BRA,Piauí,transportation,2024,258.364465924344
BRA,Piauí,waste,2024,39715.98884038173
BRA,Piauí,agriculture,2025,253536.4610579499
BRA,Piauí,buildings-fuel-use,2025,2848.7056996796705
BRA,Piauí,fossil-fuel-operations,2025,551.8761869876124
BRA,Piauí,land-use-change,2025,6342.02345647814
BRA,Piauí,manufacturing,2025,477.6712599600098
BRA,Piauí,power,2025,0.0
BRA,Piauí,transportation,2025,269.7731841231028
BRA,Piauí,waste,2025,39891.608772711006
BRA,Piauí,agriculture,2026,105197.37942151734
BRA,Piauí,buildings-fuel-use,2026,1188.658227890725
BRA,Piauí,fossil-fuel-operations,2026,229.81611058583007
BRA,Piauí,land-use-change,2026,1559.7034912432537
BRA,Piauí,manufacturing,2026,198.6355627612436
BRA,Piauí,power,2026,0.0
BRA,Piauí,transportation,2026,113.01464127167604
BRA,Piauí,waste,2026,16672.28445150582
BRA,Rio Grande do Sul,agriculture,2021,1379651.1221137117
BRA,Rio Grande do Sul,buildings-fuel-use,2021,8202.76062787756
BRA,Rio Grande do Sul,fossil-fuel-operations,2021,20139.17800010625
BRA,Rio Grande do Sul,land-use-change,2021,4900.336367761232
BRA,Rio Grande do Sul,manufacturing,2021,4774.736075158995
BRA,Rio Grande do Sul,power,2021,0.0
BRA,Rio Grande do Sul,transportation,2021,799.3001755314328
BRA,Rio Grande do Sul,waste,2021,135821.0485275351
BRA,Rio Grande do Sul,agriculture,2022,1599367.7244290551
BRA,Rio Grande do Sul,buildings-fuel-use,2022,8161.870722648041
BRA,Rio Grande do Sul,fossil-fuel-operations,2022,21083.029177597946
BRA,Rio Grande do Sul,land-use-change,2022,5289.782933139582
BRA,Rio Grande do Sul,manufacturing,2022,4816.296788268167
BRA,Rio Grande do Sul,power,2022,0.0
BRA,Rio Grande do Sul,transportation,2022,822.7590557715152
BRA,Rio Grande do Sul,waste,2022,136560.04105423746
BRA,Rio Grande do Sul,agriculture,2023,1380921.5425047737
BRA,Rio Grande do Sul,buildings-fuel-use,2023,7986.44007776848
BRA,Rio Grande do Sul,fossil-fuel-operations,2023,19369.14424730998
BRA,Rio Grande do Sul,land-use-change,2023,5637.695227768071
BRA,Rio Grande do Sul,manufacturing,2023,4827.060979373825
BRA,Rio Grande do Sul,power,2023,0.0
BRA,Rio Grande do Sul,transportation,2023,836.383921640989
BRA,Rio Grande do Sul,waste,2023,137015.46598762574
BRA,Rio Grande do Sul,agriculture,2024,1371508.605448215
BRA,Rio Grande do Sul,buildings-fuel-use,2024,8057.760295018618
BRA,Rio Grande do Sul,fossil-fuel-operations,2024,20722.367772776284
BRA,Rio Grande do Sul,land-use-change,2024,5983.748040745627
BRA,Rio Grande do Sul,manufacturing,2024,5113.484418103137
BRA,Rio Grande do Sul,power,2024,0.0
BRA,Rio Grande do Sul,transportation,2024,846.4011801948624
BRA,Rio Grande do Sul,waste,2024,136538.5802213535
BRA,Rio Grande do Sul,agriculture,2025,1371569.752184583
BRA,Rio Grande do Sul,buildings-fuel-use,2025,8105.923543808243
BRA,Rio Grande do Sul,fossil-fuel-operations,2025,20721.308627603943
BRA,Rio Grande do Sul,land-use-change,2025,5522.1587235556335
BRA,Rio Grande do Sul,manufacturing,2025,5060.128637326508
BRA,Rio Grande do Sul,power,2025,0.0
BRA,Rio Grande do Sul,transportation,2025,853.6477492024864
BRA,Rio Grande do Sul,waste,2025,135975.36024837472
BRA,Rio Grande do Sul,agriculture,2026,513013.1614879078
BRA,Rio Grande do Sul,buildings-fuel-use,2026,2874.9185445257185
BRA,Rio Grande do Sul,fossil-fuel-operations,2026,8632.709421659705
BRA,Rio Grande do Sul,land-use-change,2026,2641.4372041151687
BRA,Rio Grande do Sul,manufacturing,2026,2141.2044897238006
BRA,Rio Grande do Sul,power,2026,0.0
BRA,Rio Grande do Sul,transportation,2026,353.3407716471075
BRA,Rio Grande do Sul,waste,2026,56747.6007645308
BRA,Rio de Janeiro,agriculture,2021,125460.05712588824
BRA,Rio de Janeiro,buildings-fuel-use,2021,9520.76450402193
BRA,Rio de Janeiro,fossil-fuel-operations,2021,2165.093547917367
BRA,Rio de Janeiro,land-use-change,2021,1525.9408602940118
BRA,Rio de Janeiro,manufacturing,2021,4499.728205007544
BRA,Rio de Janeiro,power,2021,0.0
BRA,Rio de Janeiro,transportation,2021,1162.8846881618797
BRA,Rio de Janeiro,waste,2021,298765.0897394805
BRA,Rio de Janeiro,agriculture,2022,104436.52314139796
BRA,Rio de Janeiro,buildings-fuel-use,2022,9442.517117379111
BRA,Rio de Janeiro,fossil-fuel-operations,2022,3219.279116333635
BRA,Rio de Janeiro,land-use-change,2022,1471.6559503837343
BRA,Rio de Janeiro,manufacturing,2022,4569.3818066605145
BRA,Rio de Janeiro,power,2022,0.0
BRA,Rio de Janeiro,transportation,2022,948.566599859642
BRA,Rio de Janeiro,waste,2022,303808.84878833656
BRA,Rio de Janeiro,agriculture,2023,105838.28428970317
BRA,Rio de Janeiro,buildings-fuel-use,2023,9392.784027641002
BRA,Rio de Janeiro,fossil-fuel-operations,2023,1572.3770748381648
BRA,Rio de Janeiro,land-use-change,2023,1519.2968426876032
BRA,Rio de Janeiro,manufacturing,2023,4551.905096057551
BRA,Rio de Janeiro,power,2023,0.0
BRA,Rio de Janeiro,transportation,2023,1172.2013979597689
BRA,Rio de Janeiro,waste,2023,307976.360895925
BRA,Rio de Janeiro,agriculture,2024,105547.82974452044
BRA,Rio de Janeiro,buildings-fuel-use,2024,9452.407288695593
BRA,Rio de Janeiro,fossil-fuel-operations,2024,2982.880624009653
BRA,Rio de Janeiro,land-use-change,2024,1525.0984247073025
BRA,Rio de Janeiro,manufacturing,2024,4798.979627758324
BRA,Rio de Janeiro,power,2024,0.0
BRA,Rio de Janeiro,transportation,2024,1782.3659705131447
BRA,Rio de Janeiro,waste,2024,310768.2074933868
BRA,Rio de Janeiro,agriculture,2025,105648.96094427563
BRA,Rio de Janeiro,buildings-fuel-use,2025,9487.85595517703
BRA,Rio de Janeiro,fossil-fuel-operations,2025,2981.3009178071134
BRA,Rio de Janeiro,land-use-change,2025,1501.4415857814397
BRA,Rio de Janeiro,manufacturing,2025,4752.953874381068
BRA,Rio de Janeiro,power,2025,0.0
BRA,Rio de Janeiro,transportation,2025,1949.631724250812
BRA,Rio de Janeiro,waste,2025,312815.43426694325
BRA,Rio de Janeiro,agriculture,2026,43881.16047175503
BRA,Rio de Janeiro,buildings-fuel-use,2026,3828.099995861182
BRA,Rio de Janeiro,fossil-fuel-operations,2026,1240.7577359593442
BRA,Rio de Janeiro,land-use-change,2026,541.6245105595466
BRA,Rio de Janeiro,manufacturing,2026,2008.3522487566809
BRA,Rio de Janeiro,power,2026,0.0
BRA,Rio de Janeiro,transportation,2026,673.9417119852188
BRA,Rio de Janeiro,waste,2026,130547.5117974216
BRA,Sergipe,agriculture,2021,71013.87860551637
BRA,Sergipe,buildings-fuel-use,2021,1730.9325976492105
BRA,Sergipe,fossil-fuel-operations,2021,8347.013575725552
BRA,Sergipe,land-use-change,2021,1763.0239182292107
BRA,Sergipe,manufacturing,2021,470.27471661921646
BRA,Sergipe,power,2021,0.0
BRA,Sergipe,transportation,2021,110.93897676461368
BRA,Sergipe,waste,2021,31371.19989420599
BRA,Sergipe,agriculture,2022,66579.42453813134
BRA,Sergipe,buildings-fuel-use,2022,1710.4371007224
BRA,Sergipe,fossil-fuel-operations,2022,4787.518375775464
BRA,Sergipe,land-use-change,2022,1034.4874627473412
BRA,Sergipe,manufacturing,2022,504.9543685734047
BRA,Sergipe,power,2022,0.0
BRA,Sergipe,transportation,2022,113.31578287607928
BRA,Sergipe,waste,2022,31737.175519521228
BRA,Sergipe,agriculture,2023,67387.49545026943
BRA,Sergipe,buildings-fuel-use,2023,1733.8032695330444
BRA,Sergipe,fossil-fuel-operations,2023,7122.253827429991
BRA,Sergipe,land-use-change,2023,1416.8334518266838
BRA,Sergipe,manufacturing,2023,472.6992262114423
BRA,Sergipe,power,2023,0.0
BRA,Sergipe,transportation,2023,113.73381428264352
BRA,Sergipe,waste,2023,32036.222933202043
BRA,Sergipe,agriculture,2024,67194.0502119281
BRA,Sergipe,buildings-fuel-use,2024,1749.6141166339935
BRA,Sergipe,fossil-fuel-operations,2024,6989.590167341503
BRA,Sergipe,land-use-change,2024,1721.7485281242875
BRA,Sergipe,manufacturing,2024,472.6992261425737
BRA,Sergipe,power,2024,0.0
BRA,Sergipe,transportation,2024,119.896715633752
BRA,Sergipe,waste,2024,32160.144647122903
BRA,Sergipe,agriculture,2025,67266.55902600802
BRA,Sergipe,buildings-fuel-use,2025,1760.7978506477025
BRA,Sergipe,fossil-fuel-operations,2025,7890.108592700438
BRA,Sergipe,land-use-change,2025,1457.4347136816484
BRA,Sergipe,manufacturing,2025,472.6992261472554
BRA,Sergipe,power,2025,0.0
BRA,Sergipe,transportation,2025,121.79169126848952
BRA,Sergipe,waste,2025,32245.508507501458
BRA,Sergipe,agriculture,2026,28036.68995091381
BRA,Sergipe,buildings-fuel-use,2026,735.9026071464532
BRA,Sergipe,fossil-fuel-operations,2026,3201.7209031318785
BRA,Sergipe,land-use-change,2026,760.8585195109848
BRA,Sergipe,manufacturing,2026,196.56899435825304
BRA,Sergipe,power,2026,0.0
BRA,Sergipe,transportation,2026,50.55998232548296
BRA,Sergipe,waste,2026,13473.87984836927
CAN,Alberta,agriculture,2021,268112.5351333555
CAN,Alberta,buildings-fuel-use,2021,4851.892580262172
CAN,Alberta,fossil-fuel-operations,2021,2075152.0672135977
CAN,Alberta,land-use-change,2021,2879.46921555467
CAN,Alberta,manufacturing,2021,15065.082580609724
CAN,Alberta,power,2021,0.0
CAN,Alberta,transportation,2021,408.2056828294535
CAN,Alberta,waste,2021,77330.74638840408
CAN,Alberta,agriculture,2022,270194.6015644693
CAN,Alberta,buildings-fuel-use,2022,4670.931507585545
CAN,Alberta,fossil-fuel-operations,2022,2186372.6491111084
CAN,Alberta,land-use-change,2022,2818.720183118676
CAN,Alberta,manufacturing,2022,15291.516697176005
CAN,Alberta,power,2022,0.0
CAN,Alberta,transportation,2022,427.36687163702754
CAN,Alberta,waste,2022,78215.51819713706
CAN,Alberta,agriculture,2023,267818.07463592803
CAN,Alberta,buildings-fuel-use,2023,4871.482870987607
CAN,Alberta,fossil-fuel-operations,2023,2236979.287688401
CAN,Alberta,land-use-change,2023,2427.108628805481
CAN,Alberta,manufacturing,2023,15674.14463780582
CAN,Alberta,power,2023,0.0
CAN,Alberta,transportation,2023,429.611606562976
CAN,Alberta,waste,2023,80058.09103485971
CAN,Alberta,agriculture,2024,259909.57429729428
CAN,Alberta,buildings-fuel-use,2024,4942.5441717914255
CAN,Alberta,fossil-fuel-operations,2024,2323175.8750749994
CAN,Alberta,land-use-change,2024,2847.0105412061525
CAN,Alberta,manufacturing,2024,15334.142071477174
CAN,Alberta,power,2024,0.0
CAN,Alberta,transportation,2024,432.2945249361208
CAN,Alberta,waste,2024,80592.99570924875
CAN,Alberta,agriculture,2025,259960.6346681761
CAN,Alberta,buildings-fuel-use,2025,4972.232583683447
CAN,Alberta,fossil-fuel-operations,2025,2323887.9994655126
CAN,Alberta,land-use-change,2025,2844.61474318832
CAN,Alberta,manufacturing,2025,15304.875187592235
CAN,Alberta,power,2025,0.0
CAN,Alberta,transportation,2025,441.01723406116827
CAN,Alberta,waste,2025,81024.28288694224
CAN,Alberta,agriculture,2026,108426.37988658116
CAN,Alberta,buildings-fuel-use,2026,2285.8272190954685
CAN,Alberta,fossil-fuel-operations,2026,952876.345210334
CAN,Alberta,land-use-change,2026,545.2488677161584
CAN,Alberta,manufacturing,2026,6393.980724131637
CAN,Alberta,power,2026,0.0
CAN,Alberta,transportation,2026,181.45321183358809
CAN,Alberta,waste,2026,33907.27175216505
CAN,British Columbia,agriculture,2021,85280.46702603188
CAN,British Columbia,buildings-fuel-use,2021,4196.363872844805
CAN,British Columbia,fossil-fuel-operations,2021,247885.39415639665
CAN,British Columbia,land-use-change,2021,21030.29457042225
CAN,British Columbia,manufacturing,2021,216.5200023823275
CAN,British Columbia,power,2021,0.0
CAN,British Columbia,transportation,2021,670.5501331797373
CAN,British Columbia,waste,2021,83814.53363462315
CAN,British Columbia,agriculture,2022,85205.46805255665
CAN,British Columbia,buildings-fuel-use,2022,4043.244904289472
CAN,British Columbia,fossil-fuel-operations,2022,244581.3207319456
CAN,British Columbia,land-use-change,2022,27728.426911782248
CAN,British Columbia,manufacturing,2022,218.6749147871797
CAN,British Columbia,power,2022,0.0
CAN,British Columbia,transportation,2022,773.6681740674202
CAN,British Columbia,waste,2022,84919.61452700903
CAN,British Columbia,agriculture,2023,83646.88561240448
CAN,British Columbia,buildings-fuel-use,2023,4073.738665017368
CAN,British Columbia,fossil-fuel-operations,2023,275558.8201443009
CAN,British Columbia,land-use-change,2023,27263.69369616601
CAN,British Columbia,manufacturing,2023,207.75775347771756
CAN,British Columbia,power,2023,0.0
CAN,British Columbia,transportation,2023,850.0016711839237
CAN,British Columbia,waste,2023,87207.93261327437
CAN,British Columbia,agriculture,2024,82928.05911320314
CAN,British Columbia,buildings-fuel-use,2024,4106.151835635308
CAN,British Columbia,fossil-fuel-operations,2024,298899.19700383826
CAN,British Columbia,land-use-change,2024,26464.877056924885
CAN,British Columbia,manufacturing,2024,207.75775325221747
CAN,British Columbia,power,2024,0.0
CAN,British Columbia,transportation,2024,872.1700166907322
CAN,British Columbia,waste,2024,87854.54292376233
CAN,British Columbia,agriculture,2025,82943.35741221895
CAN,British Columbia,buildings-fuel-use,2025,4119.6368477449805
CAN,British Columbia,fossil-fuel-operations,2025,285036.584616332
CAN,British Columbia,land-use-change,2025,28729.60914310711
CAN,British Columbia,manufacturing,2025,207.7577533311648
CAN,British Columbia,power,2025,0.0
CAN,British Columbia,transportation,2025,945.9356941851312
CAN,British Columbia,waste,2025,88383.42795028868
CAN,British Columbia,agriculture,2026,35002.99750552833
CAN,British Columbia,buildings-fuel-use,2026,1909.5574506674543
CAN,British Columbia,fossil-fuel-operations,2026,123746.64749164692
CAN,British Columbia,land-use-change,2026,4651.834954505165
CAN,British Columbia,manufacturing,2026,88.93257879892391
CAN,British Columbia,power,2026,0.0
CAN,British Columbia,transportation,2026,459.52381846424873
CAN,British Columbia,waste,2026,37009.69126178136
CAN,Québec,agriculture,2021,97930.30849606806
CAN,Québec,buildings-fuel-use,2021,7931.300638790249
CAN,Québec,fossil-fuel-operations,2021,242.8338244285784
CAN,Québec,land-use-change,2021,117360.69248286486
CAN,Québec,manufacturing,2021,475.5780476211329
CAN,Québec,power,2021,0.0
CAN,Québec,transportation,2021,732.2485318012659
CAN,Québec,waste,2021,153128.9513027225
CAN,Québec,agriculture,2022,97459.10177394567
CAN,Québec,buildings-fuel-use,2022,7748.597279188431
CAN,Québec,fossil-fuel-operations,2022,249.65723915682548
CAN,Québec,land-use-change,2022,71802.48648891291
CAN,Québec,manufacturing,2022,480.0629279591938
CAN,Québec,power,2022,0.0
CAN,Québec,transportation,2022,766.1979544254576
CAN,Québec,waste,2022,155083.00626021036
CAN,Québec,agriculture,2023,95863.3698955391
CAN,Québec,buildings-fuel-use,2023,7689.48050361738
CAN,Québec,fossil-fuel-operations,2023,240.7047740116328
CAN,Québec,land-use-change,2023,124759.42582253684
CAN,Québec,manufacturing,2023,456.15031102470914
CAN,Québec,power,2023,0.0
CAN,Québec,transportation,2023,771.4405093593988
CAN,Québec,waste,2023,159121.2067820998
CAN,Québec,agriculture,2024,95474.16739172084
CAN,Québec,buildings-fuel-use,2024,7763.944073057388
CAN,Québec,fossil-fuel-operations,2024,255.20056262248025
CAN,Québec,land-use-change,2024,124979.95459199368
CAN,Québec,manufacturing,2024,456.1503105388955
CAN,Québec,power,2024,0.0
CAN,Québec,transportation,2024,800.1598689644661
CAN,Québec,waste,2024,160256.725415056
CAN,Québec,agriculture,2025,95474.36078552106
CAN,Québec,buildings-fuel-use,2025,7795.785287107966
CAN,Québec,fossil-fuel-operations,2025,263.2299219273111
CAN,Québec,land-use-change,2025,91014.90034064154
CAN,Québec,manufacturing,2025,456.1503107089784
CAN,Québec,power,2025,0.0
CAN,Québec,transportation,2025,763.0208511882821
CAN,Québec,waste,2025,161187.1448568119
CAN,Québec,agriculture,2026,40453.53807198297
CAN,Québec,buildings-fuel-use,2026,3766.777096783735
CAN,Québec,fossil-fuel-operations,2026,102.43563388204316
CAN,Québec,land-use-change,2026,7083.587057412186
CAN,Québec,manufacturing,2026,195.2075106395337
CAN,Québec,power,2026,0.0
CAN,Québec,transportation,2026,303.5117702539713
CAN,Québec,waste,2026,67486.0276681858
CHN,Beijing,agriculture,2021,19145.319366735395
CHN,Beijing,buildings-fuel-use,2021,31870.56659289541
CHN,Beijing,fossil-fuel-operations,2021,195.0883025419302
CHN,Beijing,land-use-change,2021,2090.868367407
CHN,Beijing,manufacturing,2021,8723.439157596677
CHN,Beijing,power,2021,0.0
CHN,Beijing,transportation,2021,502.8797504187163
CHN,Beijing,waste,2021,206002.8245066791
CHN,Beijing,agriculture,2022,20382.89745488573
CHN,Beijing,buildings-fuel-use,2022,30350.998932931885
CHN,Beijing,fossil-fuel-operations,2022,192.9369009083346
CHN,Beijing,land-use-change,2022,2005.2309824
CHN,Beijing,manufacturing,2022,8139.121026237451
CHN,Beijing,power,2022,0.0
CHN,Beijing,transportation,2022,545.243247949499
CHN,Beijing,waste,2022,210625.089916462
CHN,Beijing,agriculture,2023,20011.793348042724
CHN,Beijing,buildings-fuel-use,2023,32177.747237832864
CHN,Beijing,fossil-fuel-operations,2023,200.28194288086704
CHN,Beijing,land-use-change,2023,2159.186657538
CHN,Beijing,manufacturing,2023,8484.664813175763
CHN,Beijing,power,2023,0.0
CHN,Beijing,transportation,2023,602.7121892776752
CHN,Beijing,waste,2023,214512.0186719442
CHN,Beijing,agriculture,2024,20093.24683543999
CHN,Beijing,buildings-fuel-use,2024,32527.946818575285
CHN,Beijing,fossil-fuel-operations,2024,205.28477184870516
CHN,Beijing,land-use-change,2024,2157.748439212
CHN,Beijing,manufacturing,2024,8404.075107169749
CHN,Beijing,power,2024,0.0
CHN,Beijing,transportation,2024,644.3607384492626
CHN,Beijing,waste,2024,214038.00187886192
CHN,Beijing,agriculture,2025,20134.68573166572
CHN,Beijing,buildings-fuel-use,2025,32813.78961913809
CHN,Beijing,fossil-fuel-operations,2025,207.48580725670303
CHN,Beijing,land-use-change,2025,1963.128442822
CHN,Beijing,manufacturing,2025,7819.976969638006
CHN,Beijing,power,2025,0.0
CHN,Beijing,transportation,2025,664.4242905383932
CHN,Beijing,waste,2025,213336.5176205555
CHN,Beijing,agriculture,2026,8061.185449238859
CHN,Beijing,buildings-fuel-use,2026,15580.602682830997
CHN,Beijing,fossil-fuel-operations,2026,86.20462538885101
CHN,Beijing,land-use-change,2026,749.065887997
CHN,Beijing,manufacturing,2026,3559.103101799232
CHN,Beijing,power,2026,0.0
CHN,Beijing,transportation,2026,274.3372179580583
CHN,Beijing,waste,2026,88049.56292086457
DEU,Baden-Württemberg,agriculture,2021,167476.16739706422
DEU,Baden-Württemberg,buildings-fuel-use,2021,17081.80286732378
DEU,Baden-Württemberg,fossil-fuel-operations,2021,15260.86192521646
DEU,Baden-Württemberg,land-use-change,2021,26.490974511162605
DEU,Baden-Württemberg,manufacturing,2021,576.5279883357781
DEU,Baden-Württemberg,power,2021,0.0
DEU,Baden-Württemberg,transportation,2021,694.3739498385027
DEU,Baden-Württemberg,waste,2021,45897.95615145563
DEU,Baden-Württemberg,agriculture,2022,165726.47842648125
DEU,Baden-Württemberg,buildings-fuel-use,2022,16657.796185881525
DEU,Baden-Württemberg,fossil-fuel-operations,2022,16119.187141088709
DEU,Baden-Württemberg,land-use-change,2022,26.744303228544865
DEU,Baden-Württemberg,manufacturing,2022,575.6088887425452
DEU,Baden-Württemberg,power,2022,0.0
DEU,Baden-Württemberg,transportation,2022,695.4376228378351
DEU,Baden-Württemberg,waste,2022,42716.38280145644
DEU,Baden-Württemberg,agriculture,2023,166749.18092674884
DEU,Baden-Württemberg,buildings-fuel-use,2023,16502.908663204475
DEU,Baden-Württemberg,fossil-fuel-operations,2023,17164.14959432718
DEU,Baden-Württemberg,land-use-change,2023,29.302929623039315
DEU,Baden-Württemberg,manufacturing,2023,555.1993636024122
DEU,Baden-Württemberg,power,2023,0.0
DEU,Baden-Württemberg,transportation,2023,706.5591239730371
DEU,Baden-Württemberg,waste,2023,39552.72665509891
DEU,Baden-Württemberg,agriculture,2024,165833.83883091836
DEU,Baden-Württemberg,buildings-fuel-use,2024,16590.306178702886
DEU,Baden-Württemberg,fossil-fuel-operations,2024,18988.177233810155
DEU,Baden-Württemberg,land-use-change,2024,24.214012827
DEU,Baden-Württemberg,manufacturing,2024,555.199363210825
DEU,Baden-Württemberg,power,2024,0.0
DEU,Baden-Württemberg,transportation,2024,704.8740393082537
DEU,Baden-Württemberg,waste,2024,39536.070833604805
DEU,Baden-Württemberg,agriculture,2025,165839.43518600793
DEU,Baden-Württemberg,buildings-fuel-use,2025,16694.496978702886
DEU,Baden-Württemberg,fossil-fuel-operations,2025,18981.52183736493
DEU,Baden-Württemberg,land-use-change,2025,25.571512642918265
DEU,Baden-Württemberg,manufacturing,2025,555.1993631659581
DEU,Baden-Württemberg,power,2025,0.0
DEU,Baden-Württemberg,transportation,2025,698.1667002489477
DEU,Baden-Württemberg,waste,2025,39486.29860393921
DEU,Baden-Württemberg,agriculture,2026,66482.01132865602
DEU,Baden-Württemberg,buildings-fuel-use,2026,7715.604310052045
DEU,Baden-Württemberg,fossil-fuel-operations,2026,7912.104940985866
DEU,Baden-Württemberg,land-use-change,2026,10.259375027104728
DEU,Baden-Württemberg,manufacturing,2026,233.8206541262169
DEU,Baden-Württemberg,power,2026,0.0
DEU,Baden-Württemberg,transportation,2026,289.61570743715674
DEU,Baden-Württemberg,waste,2026,16388.42638096051
ESP,Andalucía,agriculture,2021,234527.9314646173
ESP,Andalucía,buildings-fuel-use,2021,5443.88056948532
ESP,Andalucía,fossil-fuel-operations,2021,6804.037219919788
ESP,Andalucía,land-use-change,2021,5170.896942867383
ESP,Andalucía,manufacturing,2021,3731.422507881903
ESP,Andalucía,power,2021,0.0
ESP,Andalucía,transportation,2021,1452.4129794013286
ESP,Andalucía,waste,2021,103065.82436144154
ESP,Andalucía,agriculture,2022,224533.677856375
ESP,Andalucía,buildings-fuel-use,2022,5523.390753231577
ESP,Andalucía,fossil-fuel-operations,2022,7139.089699382226
ESP,Andalucía,land-use-change,2022,4215.618646887698
ESP,Andalucía,manufacturing,2022,2982.978651095916
ESP,Andalucía,power,2022,0.0
ESP,Andalucía,transportation,2022,1825.6402174938407
ESP,Andalucía,waste,2022,101831.7144366238
ESP,Andalucía,agriculture,2023,214698.279788938
ESP,Andalucía,buildings-fuel-use,2023,5286.053409222181
ESP,Andalucía,fossil-fuel-operations,2023,7422.182813172626
ESP,Andalucía,land-use-change,2023,4063.9428751522623
ESP,Andalucía,manufacturing,2023,2634.63604065055
ESP,Andalucía,power,2023,0.0
ESP,Andalucía,transportation,2023,2171.997546357971
ESP,Andalucía,waste,2023,101613.86076327677
ESP,Andalucía,agriculture,2024,226092.1839134556
ESP,Andalucía,buildings-fuel-use,2024,5224.929553801636
ESP,Andalucía,fossil-fuel-operations,2024,7678.644767605493
ESP,Andalucía,land-use-change,2024,4800.898876110201
ESP,Andalucía,manufacturing,2024,2634.6360400971844
ESP,Andalucía,power,2024,0.0
ESP,Andalucía,transportation,2024,1631.913968701284
ESP,Andalucía,waste,2024,101438.81283253257
ESP,Andalucía,agriculture,2025,226150.1697442465
ESP,Andalucía,buildings-fuel-use,2025,5246.415723801635
ESP,Andalucía,fossil-fuel-operations,2025,7705.533468488445
ESP,Andalucía,land-use-change,2025,5869.551367090767
ESP,Andalucía,manufacturing,2025,2634.636040107049
ESP,Andalucía,power,2025,0.0
ESP,Andalucía,transportation,2025,1374.9752256114475
ESP,Andalucía,waste,2025,101248.79855079604
ESP,Andalucía,agriculture,2026,87456.2333073274
ESP,Andalucía,buildings-fuel-use,2026,2545.3637276199406
ESP,Andalucía,fossil-fuel-operations,2026,3227.487100035455
ESP,Andalucía,land-use-change,2026,2318.5285784852504
ESP,Andalucía,manufacturing,2026,1097.9872531773356
ESP,Andalucía,power,2026,0.0
ESP,Andalucía,transportation,2026,452.20948455724965
ESP,Andalucía,waste,2026,42043.70958260465
IDN,Jawa Barat,agriculture,2021,402431.0176932864
IDN,Jawa Barat,buildings-fuel-use,2021,25518.513226906995
IDN,Jawa Barat,fossil-fuel-operations,2021,677495.2281535384
IDN,Jawa Barat,land-use-change,2021,3222.945420273676
IDN,Jawa Barat,manufacturing,2021,4618.10148187553
IDN,Jawa Barat,power,2021,0.0
IDN,Jawa Barat,transportation,2021,1053.2888051343898
IDN,Jawa Barat,waste,2021,368707.288275541
IDN,Jawa Barat,agriculture,2022,415881.6802041114
IDN,Jawa Barat,buildings-fuel-use,2022,22947.04284033849
IDN,Jawa Barat,fossil-fuel-operations,2022,850325.654856881
IDN,Jawa Barat,land-use-change,2022,2497.0570892216138
IDN,Jawa Barat,manufacturing,2022,4497.2836552562585
IDN,Jawa Barat,power,2022,0.0
IDN,Jawa Barat,transportation,2022,1112.511423668015
IDN,Jawa Barat,waste,2022,374699.729749745
IDN,Jawa Barat,agriculture,2023,470537.244577701
IDN,Jawa Barat,buildings-fuel-use,2023,23178.8930912853
IDN,Jawa Barat,fossil-fuel-operations,2023,954638.5515105928
IDN,Jawa Barat,land-use-change,2023,3095.6710374112863
IDN,Jawa Barat,manufacturing,2023,4711.355033077256
IDN,Jawa Barat,power,2023,0.0
IDN,Jawa Barat,transportation,2023,1123.784288690978
IDN,Jawa Barat,waste,2023,379287.0570531804
IDN,Jawa Barat,agriculture,2024,372345.4262122168
IDN,Jawa Barat,buildings-fuel-use,2024,23329.25380305431
IDN,Jawa Barat,fossil-fuel-operations,2024,1032302.3520082452
IDN,Jawa Barat,land-use-change,2024,3041.7350103205818
IDN,Jawa Barat,manufacturing,2024,4711.355033077255
IDN,Jawa Barat,power,2024,0.0
IDN,Jawa Barat,transportation,2024,1069.336497890127
IDN,Jawa Barat,waste,2024,382701.0959859186
IDN,Jawa Barat,agriculture,2025,372347.7679596628
IDN,Jawa Barat,buildings-fuel-use,2025,23438.11188109108
IDN,Jawa Barat,fossil-fuel-operations,2025,1035253.4650652794
IDN,Jawa Barat,land-use-change,2025,3256.481731417392
IDN,Jawa Barat,manufacturing,2025,4711.35503307727
IDN,Jawa Barat,power,2025,0.0
IDN,Jawa Barat,transportation,2025,1055.3698605577952
IDN,Jawa Barat,waste,2025,384009.34066958335
IDN,Jawa Barat,agriculture,2026,179515.70057319454
IDN,Jawa Barat,buildings-fuel-use,2026,9719.69326642701
IDN,Jawa Barat,fossil-fuel-operations,2026,438257.81409152393
IDN,Jawa Barat,land-use-change,2026,1329.3576373504084
IDN,Jawa Barat,manufacturing,2026,1983.0000378647144
IDN,Jawa Barat,power,2026,0.0
IDN,Jawa Barat,transportation,2026,430.2923705307232
IDN,Jawa Barat,waste,2026,160002.26785375728
IDN,Palembang City,agriculture,2021,1464.9517923926442
IDN,Palembang City,buildings-fuel-use,2021,1010.8722091618806
IDN,Palembang City,fossil-fuel-operations,2021,34365.23057102482
IDN,Palembang City,land-use-change,2021,1.8000593442598525e-11
IDN,Palembang City,manufacturing,2021,240.7326565985933
IDN,Palembang City,power,2021,0.0
IDN,Palembang City,transportation,2021,56.27916736701717
IDN,Palembang City,waste,2021,5014.170590051029
IDN,Palembang City,agriculture,2022,1587.2810854761317
IDN,Palembang City,buildings-fuel-use,2022,910.1194653536792
IDN,Palembang City,fossil-fuel-operations,2022,43283.11788634372
IDN,Palembang City,land-use-change,2022,7.849714019178803e-12
IDN,Palembang City,manufacturing,2022,234.426478050741
IDN,Palembang City,power,2022,0.0
IDN,Palembang City,transportation,2022,57.63630671310179
IDN,Palembang City,waste,2022,5133.167872485501
IDN,Palembang City,agriculture,2023,1447.4151027999392
IDN,Palembang City,buildings-fuel-use,2023,921.5825848702152
IDN,Palembang City,fossil-fuel-operations,2023,48758.296798688025
IDN,Palembang City,land-use-change,2023,6.300195909514976e-12
IDN,Palembang City,manufacturing,2023,245.58489793744408
IDN,Palembang City,power,2023,0.0
IDN,Palembang City,transportation,2023,54.53987994955399
IDN,Palembang City,waste,2023,5220.842236564791
IDN,Palembang City,agriculture,2024,1322.3827641034625
IDN,Palembang City,buildings-fuel-use,2024,925.271922645252
IDN,Palembang City,fossil-fuel-operations,2024,53251.74478021563
IDN,Palembang City,land-use-change,2024,2.850091332650809e-12
IDN,Palembang City,manufacturing,2024,245.58489793744403
IDN,Palembang City,power,2024,0.0
IDN,Palembang City,transportation,2024,58.82902934064396
IDN,Palembang City,waste,2024,5263.689487967424
IDN,Palembang City,agriculture,2025,1322.3153239418978
IDN,Palembang City,buildings-fuel-use,2025,926.8026726452518
IDN,Palembang City,fossil-fuel-operations,2025,53252.79952400584
IDN,Palembang City,land-use-change,2025,3.620088299649786e-11
IDN,Palembang City,manufacturing,2025,245.5848979374448
IDN,Palembang City,power,2025,0.0
IDN,Palembang City,transportation,2025,57.47702782831716
IDN,Palembang City,waste,2025,5288.294126991768
IDN,Palembang City,agriculture,2026,489.3258078955366
IDN,Palembang City,buildings-fuel-use,2026,383.1040033262044
IDN,Palembang City,fossil-fuel-operations,2026,22547.08716683304
IDN,Palembang City,land-use-change,2026,1.9999086350832203e-12
IDN,Palembang City,manufacturing,2026,103.3666315855632
IDN,Palembang City,power,2026,0.0
IDN,Palembang City,transportation,2026,23.11126710154311
IDN,Palembang City,waste,2026,2214.340182513899
IDN,Palembang Urban Area,agriculture,2021,2835.1965598754578
IDN,Palembang Urban Area,buildings-fuel-use,2021,1124.8758322087997
IDN,Palembang Urban Area,fossil-fuel-operations,2021,43270.04132311401
IDN,Palembang Urban Area,land-use-change,2021,2.1424095981278598e-10
IDN,Palembang Urban Area,manufacturing,2021,304.2017130567132
IDN,Palembang Urban Area,power,2021,0.0
IDN,Palembang Urban Area,transportation,2021,67.92009041578306
IDN,Palembang Urban Area,waste,2021,5865.381364900427
IDN,Palembang Urban Area,agriculture,2022,3166.2130674325977
IDN,Palembang Urban Area,buildings-fuel-use,2022,1013.8428570733764
IDN,Palembang Urban Area,fossil-fuel-operations,2022,54539.63875811889
IDN,Palembang Urban Area,land-use-change,2022,9.123445671134259e-11
IDN,Palembang Urban Area,manufacturing,2022,296.2334119069145
IDN,Palembang Urban Area,power,2022,0.0
IDN,Palembang Urban Area,transportation,2022,69.52315082237033
IDN,Palembang Urban Area,waste,2022,6001.619385066345
IDN,Palembang Urban Area,agriculture,2023,2819.135364714347
IDN,Palembang Urban Area,buildings-fuel-use,2023,1026.2898754220296
IDN,Palembang Urban Area,fossil-fuel-operations,2023,61458.17808369832
IDN,Palembang Urban Area,land-use-change,2023,9.739194300455879e-11
IDN,Palembang Urban Area,manufacturing,2023,310.33378714001503
IDN,Palembang Urban Area,power,2023,0.0
IDN,Palembang Urban Area,transportation,2023,66.75771316772544
IDN,Palembang Urban Area,waste,2023,6103.105006760993
IDN,Palembang Urban Area,agriculture,2024,2543.272938671624
IDN,Palembang Urban Area,buildings-fuel-use,2024,1031.226400553162
IDN,Palembang Urban Area,fossil-fuel-operations,2024,67136.97045419575
IDN,Palembang Urban Area,land-use-change,2024,3.510574630661184e-11
IDN,Palembang Urban Area,manufacturing,2024,310.3337871400149
IDN,Palembang Urban Area,power,2024,0.0
IDN,Palembang Urban Area,transportation,2024,71.13583405088465
IDN,Palembang Urban Area,waste,2024,6154.308545191278
IDN,Palembang Urban Area,agriculture,2025,2543.202351929589
IDN,Palembang Urban Area,buildings-fuel-use,2025,1033.425671298243
IDN,Palembang Urban Area,fossil-fuel-operations,2025,67138.02519798595
IDN,Palembang Urban Area,land-use-change,2025,4.1658592943095006e-10
IDN,Palembang Urban Area,manufacturing,2025,310.3337871400159
IDN,Palembang Urban Area,power,2025,0.0
IDN,Palembang Urban Area,transportation,2025,69.7614828386613
IDN,Palembang Urban Area,waste,2025,6183.169080505894
IDN,Palembang Urban Area,agriculture,2026,927.2929904990044
IDN,Palembang Urban Area,buildings-fuel-use,2026,427.2427739041353
IDN,Palembang Urban Area,fossil-fuel-operations,2026,28427.40875581773
IDN,Palembang Urban Area,land-use-change,2026,2.897756078493292e-11
IDN,Palembang Urban Area,manufacturing,2026,130.61939898766207
IDN,Palembang Urban Area,power,2026,0.0
IDN,Palembang Urban Area,transportation,2026,28.164959270744767
IDN,Palembang Urban Area,waste,2026,2587.895188999455
IND,Delhi [New Delhi],agriculture,2021,51766.9267148314
IND,Delhi [New Delhi],buildings-fuel-use,2021,37015.02841267696
IND,Delhi [New Delhi],fossil-fuel-operations,2021,23179.066752485367
IND,Delhi [New Delhi],land-use-change,2021,1.676309963006307e-07
IND,Delhi [New Delhi],manufacturing,2021,1944.7027267505416
IND,Delhi [New Delhi],power,2021,0.0
IND,Delhi [New Delhi],transportation,2021,491.3994175815568
IND,Delhi [New Delhi],waste,2021,153744.41547465563
IND,Delhi [New Delhi],agriculture,2022,54430.33161326272
IND,Delhi [New Delhi],buildings-fuel-use,2022,37156.40278955257
IND,Delhi [New Delhi],fossil-fuel-operations,2022,29847.823514910466
IND,Delhi [New Delhi],land-use-change,2022,1.0646946794708363e-07
IND,Delhi [New Delhi],manufacturing,2022,2059.4094178685973
IND,Delhi [New Delhi],power,2022,0.0
IND,Delhi [New Delhi],transportation,2022,552.8032422686209
IND,Delhi [New Delhi],waste,2022,157669.49726288952
IND,Delhi [New Delhi],agriculture,2023,54058.48762770196
IND,Delhi [New Delhi],buildings-fuel-use,2023,38535.13239677659
IND,Delhi [New Delhi],fossil-fuel-operations,2023,38386.14548976025
IND,Delhi [New Delhi],land-use-change,2023,9.629866818651461e-08
IND,Delhi [New Delhi],manufacturing,2023,2122.453738360728
IND,Delhi [New Delhi],power,2023,0.0
IND,Delhi [New Delhi],transportation,2023,607.9149474657888
IND,Delhi [New Delhi],waste,2023,159367.5807639979
IND,Delhi [New Delhi],agriculture,2024,53822.6175819104
IND,Delhi [New Delhi],buildings-fuel-use,2024,38861.05387322383
IND,Delhi [New Delhi],fossil-fuel-operations,2024,43896.00638514155
IND,Delhi [New Delhi],land-use-change,2024,0.0
IND,Delhi [New Delhi],manufacturing,2024,2122.453738360728
IND,Delhi [New Delhi],power,2024,0.0
IND,Delhi [New Delhi],transportation,2024,619.4548912006767
IND,Delhi [New Delhi],waste,2024,161338.5962153207
IND,Delhi [New Delhi],agriculture,2025,53829.0120062373
IND,Delhi [New Delhi],buildings-fuel-use,2025,39111.53023322383
IND,Delhi [New Delhi],fossil-fuel-operations,2025,43896.006385144574
IND,Delhi [New Delhi],land-use-change,2025,1.7080772354249337e-07
IND,Delhi [New Delhi],manufacturing,2025,2122.4537384297632
IND,Delhi [New Delhi],power,2025,0.0
IND,Delhi [New Delhi],transportation,2025,627.0686696800406
IND,Delhi [New Delhi],waste,2025,162543.2688980543
IND,Delhi [New Delhi],agriculture,2026,20792.97186294576
IND,Delhi [New Delhi],buildings-fuel-use,2026,17400.623145552
IND,Delhi [New Delhi],fossil-fuel-operations,2026,18274.84309394216
IND,Delhi [New Delhi],land-use-change,2026,8.153339976605384e-08
IND,Delhi [New Delhi],manufacturing,2026,882.0173829169374
IND,Delhi [New Delhi],power,2026,0.0
IND,Delhi [New Delhi],transportation,2026,261.62777575038484
IND,Delhi [New Delhi],waste,2026,65409.530133003136
IND,Punjab,agriculture,2021,849091.8126032711
IND,Punjab,buildings-fuel-use,2021,33995.61287193217
IND,Punjab,fossil-fuel-operations,2021,28710.048572978296
IND,Punjab,land-use-change,2021,99.57584176823832
IND,Punjab,manufacturing,2021,2390.608600691695
IND,Punjab,power,2021,0.0
IND,Punjab,transportation,2021,362.7394213272273
IND,Punjab,waste,2021,99800.70306741286
IND,Punjab,agriculture,2022,891434.9412226018
IND,Punjab,buildings-fuel-use,2022,34133.7036586687
IND,Punjab,fossil-fuel-operations,2022,36936.23094572573
IND,Punjab,land-use-change,2022,107.60144372706092
IND,Punjab,manufacturing,2022,2530.8335144895605
IND,Punjab,power,2022,0.0
IND,Punjab,transportation,2022,411.73842974175056
IND,Punjab,waste,2022,103283.37426974782
IND,Punjab,agriculture,2023,891922.853637728
IND,Punjab,buildings-fuel-use,2023,34084.32137786239
IND,Punjab,fossil-fuel-operations,2023,47462.76017998356
IND,Punjab,land-use-change,2023,104.2844127511772
IND,Punjab,manufacturing,2023,6957.058752005475
IND,Punjab,power,2023,0.0
IND,Punjab,transportation,2023,578.90003577221
IND,Punjab,waste,2023,104526.44692371032
IND,Punjab,agriculture,2024,898089.869464016
IND,Punjab,buildings-fuel-use,2024,34659.886024545776
IND,Punjab,fossil-fuel-operations,2024,54265.21291739109
IND,Punjab,land-use-change,2024,111.57348455
IND,Punjab,manufacturing,2024,7253.477330005478
IND,Punjab,power,2024,0.0
IND,Punjab,transportation,2024,612.7087254985496
IND,Punjab,waste,2024,105553.82386431082
IND,Punjab,agriculture,2025,900701.6317049628
IND,Punjab,buildings-fuel-use,2025,35142.45490552832
IND,Punjab,fossil-fuel-operations,2025,54266.64341264269
IND,Punjab,land-use-change,2025,109.76421204979296
IND,Punjab,manufacturing,2025,7302.458289048953
IND,Punjab,power,2025,0.0
IND,Punjab,transportation,2025,621.4596195660184
IND,Punjab,waste,2025,106003.51589460036
IND,Punjab,agriculture,2026,293069.1438480978
IND,Punjab,buildings-fuel-use,2026,16040.626743438224
IND,Punjab,fossil-fuel-operations,2026,22588.136082381443
IND,Punjab,land-use-change,2026,61.24369863942106
IND,Punjab,manufacturing,2026,3057.986769453623
IND,Punjab,power,2026,0.0
IND,Punjab,transportation,2026,259.7069631810964
IND,Punjab,waste,2026,41953.35834666647
ITA,Emilia-Romagna,agriculture,2021,60774.79766129245
ITA,Emilia-Romagna,buildings-fuel-use,2021,6469.352186012688
ITA,Emilia-Romagna,fossil-fuel-operations,2021,6133.788381804352
ITA,Emilia-Romagna,land-use-change,2021,7.382378906177364
ITA,Emilia-Romagna,manufacturing,2021,575.1516541236191
ITA,Emilia-Romagna,power,2021,0.0
ITA,Emilia-Romagna,transportation,2021,358.8844787389951
ITA,Emilia-Romagna,waste,2021,29433.490290573754
ITA,Emilia-Romagna,agriculture,2022,54967.62850335318
ITA,Emilia-Romagna,buildings-fuel-use,2022,5901.577098433743
ITA,Emilia-Romagna,fossil-fuel-operations,2022,6473.859482146528
ITA,Emilia-Romagna,land-use-change,2022,6.62531540741122
ITA,Emilia-Romagna,manufacturing,2022,521.527224759198
ITA,Emilia-Romagna,power,2022,0.0
ITA,Emilia-Romagna,transportation,2022,361.63661317775154
ITA,Emilia-Romagna,waste,2022,27888.001757815728
ITA,Emilia-Romagna,agriculture,2023,54961.347928379306
ITA,Emilia-Romagna,buildings-fuel-use,2023,5878.599227835783
ITA,Emilia-Romagna,fossil-fuel-operations,2023,7022.807548891652
ITA,Emilia-Romagna,land-use-change,2023,6.029359376515175
ITA,Emilia-Romagna,manufacturing,2023,452.0274410097345
ITA,Emilia-Romagna,power,2023,0.0
ITA,Emilia-Romagna,transportation,2023,363.56522728005166
ITA,Emilia-Romagna,waste,2023,25935.82139104905
ITA,Emilia-Romagna,agriculture,2024,54842.655527669136
ITA,Emilia-Romagna,buildings-fuel-use,2024,5895.939203934824
ITA,Emilia-Romagna,fossil-fuel-operations,2024,8120.542483081624
ITA,Emilia-Romagna,land-use-change,2024,6.952850590834047
ITA,Emilia-Romagna,manufacturing,2024,452.0274408039792
ITA,Emilia-Romagna,power,2024,0.0
ITA,Emilia-Romagna,transportation,2024,365.4445203359863
ITA,Emilia-Romagna,waste,2024,25822.9425469752
ITA,Emilia-Romagna,agriculture,2025,54841.42526700899
ITA,Emilia-Romagna,buildings-fuel-use,2025,5924.233965600378
ITA,Emilia-Romagna,fossil-fuel-operations,2025,8120.54248308386
ITA,Emilia-Romagna,land-use-change,2025,7.635672009703036
ITA,Emilia-Romagna,manufacturing,2025,452.02744081298897
ITA,Emilia-Romagna,power,2025,0.0
ITA,Emilia-Romagna,transportation,2025,443.7892376153658
ITA,Emilia-Romagna,waste,2025,25701.719493588207
ITA,Emilia-Romagna,agriculture,2026,21701.75828430964
ITA,Emilia-Romagna,buildings-fuel-use,2026,2828.552358439265
ITA,Emilia-Romagna,fossil-fuel-operations,2026,3391.353648821025
ITA,Emilia-Romagna,land-use-change,2026,2.569680453333726
ITA,Emilia-Romagna,manufacturing,2026,193.55302826813812
ITA,Emilia-Romagna,power,2026,0.0
ITA,Emilia-Romagna,transportation,2026,146.467348842631
ITA,Emilia-Romagna,waste,2026,10645.270529744312
ITA,Lombardia,agriculture,2021,120314.62350861952
ITA,Lombardia,buildings-fuel-use,2021,15345.954199095126
ITA,Lombardia,fossil-fuel-operations,2021,10196.540837922405
ITA,Lombardia,land-use-change,2021,22.06583901233637
ITA,Lombardia,manufacturing,2021,954.9615501407771
ITA,Lombardia,power,2021,0.0
ITA,Lombardia,transportation,2021,619.5012026580787
ITA,Lombardia,waste,2021,65185.11997166118
ITA,Lombardia,agriculture,2022,114407.756512435
ITA,Lombardia,buildings-fuel-use,2022,13771.102761838947
ITA,Lombardia,fossil-fuel-operations,2022,10764.224026809194
ITA,Lombardia,land-use-change,2022,24.603744882304344
ITA,Lombardia,manufacturing,2022,847.5779457957512
ITA,Lombardia,power,2022,0.0
ITA,Lombardia,transportation,2022,629.093351854411
ITA,Lombardia,waste,2022,61676.30899837505
ITA,Lombardia,agriculture,2023,115661.8078603386
ITA,Lombardia,buildings-fuel-use,2023,13782.205030792777
ITA,Lombardia,fossil-fuel-operations,2023,11673.892308388276
ITA,Lombardia,land-use-change,2023,23.90344823630589
ITA,Lombardia,manufacturing,2023,738.7058456620387
ITA,Lombardia,power,2023,0.0
ITA,Lombardia,transportation,2023,634.2871322777498
ITA,Lombardia,waste,2023,57219.22035692301
ITA,Lombardia,agriculture,2024,115350.79438469945
ITA,Lombardia,buildings-fuel-use,2024,13811.318785685216
ITA,Lombardia,fossil-fuel-operations,2024,13441.729251068158
ITA,Lombardia,land-use-change,2024,22.682575163936956
ITA,Lombardia,manufacturing,2024,738.7058454444596
ITA,Lombardia,power,2024,0.0
ITA,Lombardia,transportation,2024,641.2348931709422
ITA,Lombardia,waste,2024,56959.69669851452
ITA,Lombardia,agriculture,2025,115349.6554831625
ITA,Lombardia,buildings-fuel-use,2025,13858.351524077974
ITA,Lombardia,fossil-fuel-operations,2025,13442.808443721771
ITA,Lombardia,land-use-change,2025,25.374175409868183
ITA,Lombardia,manufacturing,2025,738.705845459298
ITA,Lombardia,power,2025,0.0
ITA,Lombardia,transportation,2025,632.1488039029427
ITA,Lombardia,waste,2025,56681.07137159969
ITA,Lombardia,agriculture,2026,41823.92982217664
ITA,Lombardia,buildings-fuel-use,2026,6534.018107104741
ITA,Lombardia,fossil-fuel-operations,2026,5614.134371086068
ITA,Lombardia,land-use-change,2026,4.481165854987139
ITA,Lombardia,manufacturing,2026,316.526723077748
ITA,Lombardia,power,2026,0.0
ITA,Lombardia,transportation,2026,257.66146191529964
ITA,Lombardia,waste,2026,23472.714136923714
KOR,Chungcheongnam-do,agriculture,2021,81209.64581601038
KOR,Chungcheongnam-do,buildings-fuel-use,2021,1076.27082092864
KOR,Chungcheongnam-do,fossil-fuel-operations,2021,6793.5206508994
KOR,Chungcheongnam-do,land-use-change,2021,162.01162572190893
KOR,Chungcheongnam-do,manufacturing,2021,10941.31031045346
KOR,Chungcheongnam-do,power,2021,0.0
KOR,Chungcheongnam-do,transportation,2021,685.8017932209921
KOR,Chungcheongnam-do,waste,2021,2066.629440308883
KOR,Chungcheongnam-do,agriculture,2022,87610.2942055125
KOR,Chungcheongnam-do,buildings-fuel-use,2022,1050.9438004486788
KOR,Chungcheongnam-do,fossil-fuel-operations,2022,7198.346232205581
KOR,Chungcheongnam-do,land-use-change,2022,156.83796397592283
KOR,Chungcheongnam-do,manufacturing,2022,12453.770631815416
KOR,Chungcheongnam-do,power,2022,0.0
KOR,Chungcheongnam-do,transportation,2022,692.6028605818276
KOR,Chungcheongnam-do,waste,2022,1897.5163137460768
KOR,Chungcheongnam-do,agriculture,2023,86755.07115332372
KOR,Chungcheongnam-do,buildings-fuel-use,2023,1020.972750745698
KOR,Chungcheongnam-do,fossil-fuel-operations,2023,7572.126329518379
KOR,Chungcheongnam-do,land-use-change,2023,171.6646758910647
KOR,Chungcheongnam-do,manufacturing,2023,11969.560665996943
KOR,Chungcheongnam-do,power,2023,0.0
KOR,Chungcheongnam-do,transportation,2023,721.2413818690342
KOR,Chungcheongnam-do,waste,2023,1903.3062747095623
KOR,Chungcheongnam-do,agriculture,2024,88185.41335888152
KOR,Chungcheongnam-do,buildings-fuel-use,2024,1037.128263974611
KOR,Chungcheongnam-do,fossil-fuel-operations,2024,7945.966166509061
KOR,Chungcheongnam-do,land-use-change,2024,162.85221664355035
KOR,Chungcheongnam-do,manufacturing,2024,11428.696357819425
KOR,Chungcheongnam-do,power,2024,0.0
KOR,Chungcheongnam-do,transportation,2024,1011.9735562309368
KOR,Chungcheongnam-do,waste,2024,1909.73559060826
KOR,Chungcheongnam-do,agriculture,2025,88190.12249919874
KOR,Chungcheongnam-do,buildings-fuel-use,2025,1044.9598632281072
KOR,Chungcheongnam-do,fossil-fuel-operations,2025,7939.316536129215
KOR,Chungcheongnam-do,land-use-change,2025,167.89291220038706
KOR,Chungcheongnam-do,manufacturing,2025,11212.387582231802
KOR,Chungcheongnam-do,power,2025,0.0
KOR,Chungcheongnam-do,transportation,2025,717.364433075983
KOR,Chungcheongnam-do,waste,2025,1908.3633618417207
KOR,Chungcheongnam-do,agriculture,2026,25419.61568912869
KOR,Chungcheongnam-do,buildings-fuel-use,2026,476.68879525040177
KOR,Chungcheongnam-do,fossil-fuel-operations,2026,3330.5036484465422
KOR,Chungcheongnam-do,land-use-change,2026,65.28003787
KOR,Chungcheongnam-do,manufacturing,2026,4745.836365481518
KOR,Chungcheongnam-do,power,2026,0.0
KOR,Chungcheongnam-do,transportation,2026,270.5066040703313
KOR,Chungcheongnam-do,waste,2026,793.4968986884895
KOR,Gyeonggi-do,agriculture,2021,73074.71130891223
KOR,Gyeonggi-do,buildings-fuel-use,2021,5057.239210733365
KOR,Gyeonggi-do,fossil-fuel-operations,2021,19296.21215608539
KOR,Gyeonggi-do,land-use-change,2021,609.9983564383051
KOR,Gyeonggi-do,manufacturing,2021,1464.6420709173835
KOR,Gyeonggi-do,power,2021,0.0
KOR,Gyeonggi-do,transportation,2021,2458.467938623381
KOR,Gyeonggi-do,waste,2021,22849.296245103185
KOR,Gyeonggi-do,agriculture,2022,68493.38669250657
KOR,Gyeonggi-do,buildings-fuel-use,2022,4958.160069683757
KOR,Gyeonggi-do,fossil-fuel-operations,2022,20433.88116616857
KOR,Gyeonggi-do,land-use-change,2022,595.4779948439297
KOR,Gyeonggi-do,manufacturing,2022,1352.561293775001
KOR,Gyeonggi-do,power,2022,0.0
KOR,Gyeonggi-do,transportation,2022,2861.3617454439923
KOR,Gyeonggi-do,waste,2022,22325.267175798563
KOR,Gyeonggi-do,agriculture,2023,68890.35385412346
KOR,Gyeonggi-do,buildings-fuel-use,2023,4872.488347150143
KOR,Gyeonggi-do,fossil-fuel-operations,2023,21614.01080691221
KOR,Gyeonggi-do,land-use-change,2023,598.2824351255841
KOR,Gyeonggi-do,manufacturing,2023,1330.893312192538
KOR,Gyeonggi-do,power,2023,0.0
KOR,Gyeonggi-do,transportation,2023,3074.493130081434
KOR,Gyeonggi-do,waste,2023,22466.763328513895
KOR,Gyeonggi-do,agriculture,2024,71674.79157101356
KOR,Gyeonggi-do,buildings-fuel-use,2024,4927.021369634929
KOR,Gyeonggi-do,fossil-fuel-operations,2024,22716.82106100457
KOR,Gyeonggi-do,land-use-change,2024,584.8070176628753
KOR,Gyeonggi-do,manufacturing,2024,1330.893311185267
KOR,Gyeonggi-do,power,2024,0.0
KOR,Gyeonggi-do,transportation,2024,2604.4458860256927
KOR,Gyeonggi-do,waste,2024,22626.33019769916
KOR,Gyeonggi-do,agriculture,2025,71676.1376077419
KOR,Gyeonggi-do,buildings-fuel-use,2025,4955.683418498733
KOR,Gyeonggi-do,fossil-fuel-operations,2025,22716.821061006223
KOR,Gyeonggi-do,land-use-change,2025,606.2731197664752
KOR,Gyeonggi-do,manufacturing,2025,1330.8933112290797
KOR,Gyeonggi-do,power,2025,0.0
KOR,Gyeonggi-do,transportation,2025,1544.8593766320605
KOR,Gyeonggi-do,waste,2025,22705.0323967774
KOR,Gyeonggi-do,agriculture,2026,23419.389270047308
KOR,Gyeonggi-do,buildings-fuel-use,2026,2333.4350126149066
KOR,Gyeonggi-do,fossil-fuel-operations,2026,9522.5869815114
KOR,Gyeonggi-do,land-use-change,2026,224.532927353
KOR,Gyeonggi-do,manufacturing,2026,568.2049129200036
KOR,Gyeonggi-do,power,2026,0.0
KOR,Gyeonggi-do,transportation,2026,645.9890004573748
KOR,Gyeonggi-do,waste,2026,9437.119673845602
MEX,Jalisco,agriculture,2021,100072.80867087556
MEX,Jalisco,buildings-fuel-use,2021,5151.691556016468
MEX,Jalisco,fossil-fuel-operations,2021,2.586873540397637
MEX,Jalisco,land-use-change,2021,2094.962407111115
MEX,Jalisco,manufacturing,2021,71.24011338588328
MEX,Jalisco,power,2021,0.0
MEX,Jalisco,transportation,2021,360.9954713767972
MEX,Jalisco,waste,2021,146679.22121195405
MEX,Jalisco,agriculture,2022,100057.7880825098
MEX,Jalisco,buildings-fuel-use,2022,4999.743838217001
MEX,Jalisco,fossil-fuel-operations,2022,2.613573422560873
MEX,Jalisco,land-use-change,2022,2117.528373324146
MEX,Jalisco,manufacturing,2022,69.22551664382136
MEX,Jalisco,power,2022,0.0
MEX,Jalisco,transportation,2022,369.2274004124532
MEX,Jalisco,waste,2022,149189.79021963855
MEX,Jalisco,agriculture,2023,101169.01270317184
MEX,Jalisco,buildings-fuel-use,2023,5024.933176439461
MEX,Jalisco,fossil-fuel-operations,2023,2.797729404175354
MEX,Jalisco,land-use-change,2023,2085.165423879035
MEX,Jalisco,manufacturing,2023,60.72993574463087
MEX,Jalisco,power,2023,0.0
MEX,Jalisco,transportation,2023,372.45392676011096
MEX,Jalisco,waste,2023,151590.02776659303
MEX,Jalisco,agriculture,2024,102408.87386143568
MEX,Jalisco,buildings-fuel-use,2024,5082.3249994482985
MEX,Jalisco,fossil-fuel-operations,2024,2.7977294042380416
MEX,Jalisco,land-use-change,2024,2013.1005694755795
MEX,Jalisco,manufacturing,2024,60.729935736429255
MEX,Jalisco,power,2024,0.0
MEX,Jalisco,transportation,2024,377.042405368464
MEX,Jalisco,waste,2024,152502.91648225265
MEX,Jalisco,agriculture,2025,102534.84068017402
MEX,Jalisco,buildings-fuel-use,2025,5138.706708238753
MEX,Jalisco,fossil-fuel-operations,2025,2.7977294067365683
MEX,Jalisco,land-use-change,2025,2211.771732815958
MEX,Jalisco,manufacturing,2025,60.7299357789385
MEX,Jalisco,power,2025,0.0
MEX,Jalisco,transportation,2025,379.4674295952237
MEX,Jalisco,waste,2025,153260.84012089978
MEX,Jalisco,agriculture,2026,43233.1057439902
MEX,Jalisco,buildings-fuel-use,2026,2225.2779548954345
MEX,Jalisco,fossil-fuel-operations,2026,1.1606044737348942
MEX,Jalisco,land-use-change,2026,1096.371139426947
MEX,Jalisco,manufacturing,2026,25.26586958321465
MEX,Jalisco,power,2026,0.0
MEX,Jalisco,transportation,2026,157.92954001990358
MEX,Jalisco,waste,2026,64078.59448468172
MEX,Querétaro,agriculture,2021,12746.25387680999
MEX,Querétaro,buildings-fuel-use,2021,1515.9994363884134
MEX,Querétaro,fossil-fuel-operations,2021,1.1336554336632372
MEX,Querétaro,land-use-change,2021,539.359345935622
MEX,Querétaro,manufacturing,2021,32.40600525394982
MEX,Querétaro,power,2021,0.0
MEX,Querétaro,transportation,2021,128.83700656059813
MEX,Querétaro,waste,2021,36052.63590005419
MEX,Querétaro,agriculture,2022,12834.907562677892
MEX,Querétaro,buildings-fuel-use,2022,1473.9009242857564
MEX,Querétaro,fossil-fuel-operations,2022,1.145356224606373
MEX,Querétaro,land-use-change,2022,529.7893748130303
MEX,Querétaro,manufacturing,2022,31.32329955539732
MEX,Querétaro,power,2022,0.0
MEX,Querétaro,transportation,2022,129.76081187719393
MEX,Querétaro,waste,2022,36669.432751047214
MEX,Querétaro,agriculture,2023,12934.68348232367
MEX,Querétaro,buildings-fuel-use,2023,1541.4506915337722
MEX,Querétaro,fossil-fuel-operations,2023,1.2260596010716762
MEX,Querétaro,land-use-change,2023,469.9552044101727
MEX,Querétaro,manufacturing,2023,27.669604109628985
MEX,Querétaro,power,2023,0.0
MEX,Querétaro,transportation,2023,130.63354447492307
MEX,Querétaro,waste,2023,37267.6773305914
MEX,Querétaro,agriculture,2024,13086.681718930337
MEX,Querétaro,buildings-fuel-use,2024,1569.811238780244
MEX,Querétaro,fossil-fuel-operations,2024,1.226059601099148
MEX,Querétaro,land-use-change,2024,499.0334126991056
MEX,Querétaro,manufacturing,2024,27.66960410644544
MEX,Querétaro,power,2024,0.0
MEX,Querétaro,transportation,2024,131.93924778373886
MEX,Querétaro,waste,2024,37460.54488529735
MEX,Querétaro,agriculture,2025,13099.79859154522
MEX,Querétaro,buildings-fuel-use,2025,1597.7430874264085
MEX,Querétaro,fossil-fuel-operations,2025,1.226059602194087
MEX,Querétaro,land-use-change,2025,535.8138255412425
MEX,Querétaro,manufacturing,2025,27.669604125074425
MEX,Querétaro,power,2025,0.0
MEX,Querétaro,transportation,2025,133.38114292247596
MEX,Querétaro,waste,2025,37647.05531486695
MEX,Querétaro,agriculture,2026,5445.393241867707
MEX,Querétaro,buildings-fuel-use,2026,707.8604730783184
MEX,Querétaro,fossil-fuel-operations,2026,0.5086161141766445
MEX,Querétaro,land-use-change,2026,225.45593463445203
MEX,Querétaro,manufacturing,2026,11.511422162832083
MEX,Querétaro,power,2026,0.0
MEX,Querétaro,transportation,2026,55.34394669612428
MEX,Querétaro,waste,2026,15757.877608858593
MEX,Yucatán,agriculture,2021,33289.95697793023
MEX,Yucatán,buildings-fuel-use,2021,1334.5085691482032
MEX,Yucatán,fossil-fuel-operations,2021,0.8873332210433974
MEX,Yucatán,land-use-change,2021,2.4265930545278457e-08
MEX,Yucatán,manufacturing,2021,25.622518515423707
MEX,Yucatán,power,2021,0.0
MEX,Yucatán,transportation,2021,114.24412000249168
MEX,Yucatán,waste,2021,33406.91189766308
MEX,Yucatán,agriculture,2022,33593.39067279198
MEX,Yucatán,buildings-fuel-use,2022,1292.6061321915615
MEX,Yucatán,fossil-fuel-operations,2022,0.8964916480292568
MEX,Yucatán,land-use-change,2022,2.6131961671410072e-08
MEX,Yucatán,manufacturing,2022,24.731642807448218
MEX,Yucatán,power,2022,0.0
MEX,Yucatán,transportation,2022,114.26720689820952
MEX,Yucatán,waste,2022,33982.17047775343
MEX,Yucatán,agriculture,2023,33791.65981508774
MEX,Yucatán,buildings-fuel-use,2023,1304.3561068483605
MEX,Yucatán,fossil-fuel-operations,2023,0.959659683802381
MEX,Yucatán,land-use-change,2023,2.6183312988632134e-08
MEX,Yucatán,manufacturing,2023,21.88689694965021
MEX,Yucatán,power,2023,0.0
MEX,Yucatán,transportation,2023,115.61407026212136
MEX,Yucatán,waste,2023,34542.30520281055
MEX,Yucatán,agriculture,2024,34061.705874717685
MEX,Yucatán,buildings-fuel-use,2024,1326.7096300192793
MEX,Yucatán,fossil-fuel-operations,2024,0.9596596838238836
MEX,Yucatán,land-use-change,2024,1.3126530818625151e-08
MEX,Yucatán,manufacturing,2024,21.886896946914742
MEX,Yucatán,power,2024,0.0
MEX,Yucatán,transportation,2024,119.1417647972826
MEX,Yucatán,waste,2024,34716.56466850876
MEX,Yucatán,agriculture,2025,34078.45400311828
MEX,Yucatán,buildings-fuel-use,2025,1348.7282002144807
MEX,Yucatán,fossil-fuel-operations,2025,0.9596596846809128
MEX,Yucatán,land-use-change,2025,2.2402436350709622e-08
MEX,Yucatán,manufacturing,2025,21.886896961495992
MEX,Yucatán,power,2025,0.0
MEX,Yucatán,transportation,2025,125.2199160411754
MEX,Yucatán,waste,2025,34885.525408620495
MEX,Yucatán,agriculture,2026,14190.949943094336
MEX,Yucatán,buildings-fuel-use,2026,574.5824210758527
MEX,Yucatán,fossil-fuel-operations,2026,0.398103304995056
MEX,Yucatán,land-use-change,2026,1.929245272342577e-08
MEX,Yucatán,manufacturing,2026,9.105604946678136
MEX,Yucatán,power,2026,0.0
MEX,Yucatán,transportation,2026,52.36972819258448
MEX,Yucatán,waste,2026,14603.8702312319
NGA,Cross River,agriculture,2021,34278.60731232911
NGA,Cross River,buildings-fuel-use,2021,24899.18647028861
NGA,Cross River,fossil-fuel-operations,2021,1438.01085516565
NGA,Cross River,land-use-change,2021,4.939894188615976
NGA,Cross River,manufacturing,2021,13.98552850439436
NGA,Cross River,power,2021,0.0
NGA,Cross River,transportation,2021,18.045475369074445
NGA,Cross River,waste,2021,22349.50165661848
NGA,Cross River,agriculture,2022,37897.51179141743
NGA,Cross River,buildings-fuel-use,2022,24998.4641931219
NGA,Cross River,fossil-fuel-operations,2022,1105.7545584853035
NGA,Cross River,land-use-change,2022,5.6813176378472825
NGA,Cross River,manufacturing,2022,11.957625697230586
NGA,Cross River,power,2022,0.0
NGA,Cross River,transportation,2022,18.029606694310868
NGA,Cross River,waste,2022,22903.8261540875
NGA,Cross River,agriculture,2023,37110.84795773919
NGA,Cross River,buildings-fuel-use,2023,24450.227885443022
NGA,Cross River,fossil-fuel-operations,2023,1196.8428889444176
NGA,Cross River,land-use-change,2023,5.565001955224784
NGA,Cross River,manufacturing,2023,11.819288908001544
NGA,Cross River,power,2023,0.0
NGA,Cross River,transportation,2023,19.19496161212064
NGA,Cross River,waste,2023,23512.58200672554
NGA,Cross River,agriculture,2024,38421.22635249435
NGA,Cross River,buildings-fuel-use,2024,24752.38934737492
NGA,Cross River,fossil-fuel-operations,2024,1338.666904939794
NGA,Cross River,land-use-change,2024,2.940417469673963
NGA,Cross River,manufacturing,2024,11.819288908001544
NGA,Cross River,power,2024,0.0
NGA,Cross River,transportation,2024,20.403720271755
NGA,Cross River,waste,2024,23982.57651283672
NGA,Cross River,agriculture,2025,39152.84655342828
NGA,Cross River,buildings-fuel-use,2025,25054.38856604292
NGA,Cross River,fossil-fuel-operations,2025,1338.666904939804
NGA,Cross River,land-use-change,2025,3.537253169205995
NGA,Cross River,manufacturing,2025,11.81928890800181
NGA,Cross River,power,2025,0.0
NGA,Cross River,transportation,2025,20.855776983187777
NGA,Cross River,waste,2025,24400.86617161968
NGA,Cross River,agriculture,2026,18062.46186410946
NGA,Cross River,buildings-fuel-use,2026,10489.841842356493
NGA,Cross River,fossil-fuel-operations,2026,557.7754648863494
NGA,Cross River,land-use-change,2026,3.716613331826729
NGA,Cross River,manufacturing,2026,4.910124118599303
NGA,Cross River,power,2026,0.0
NGA,Cross River,transportation,2026,8.766246844086636
NGA,Cross River,waste,2026,10079.554457972446
NGA,Enugu,agriculture,2021,8504.39753558743
NGA,Enugu,buildings-fuel-use,2021,31127.757321091885
NGA,Enugu,fossil-fuel-operations,2021,4713.562889514604
NGA,Enugu,land-use-change,2021,4.6160396809123285e-09
NGA,Enugu,manufacturing,2021,35.3498847052078
NGA,Enugu,power,2021,0.0
NGA,Enugu,transportation,2021,32.567513743609844
NGA,Enugu,waste,2021,24716.30917650458
NGA,Enugu,agriculture,2022,9745.761258980809
NGA,Enugu,buildings-fuel-use,2022,31269.940066984676
NGA,Enugu,fossil-fuel-operations,2022,3873.750380710298
NGA,Enugu,land-use-change,2022,4.98244555571702e-09
NGA,Enugu,manufacturing,2022,30.224148455477785
NGA,Enugu,power,2022,0.0
NGA,Enugu,transportation,2022,35.67085207063511
NGA,Enugu,waste,2022,25329.336521545967
NGA,Enugu,agriculture,2023,9114.50676380963
NGA,Enugu,buildings-fuel-use,2023,31120.68156598405
NGA,Enugu,fossil-fuel-operations,2023,4103.985654172278
NGA,Enugu,land-use-change,2023,1.3763387091045844e-08
NGA,Enugu,manufacturing,2023,29.87448776527227
NGA,Enugu,power,2023,0.0
NGA,Enugu,transportation,2023,36.45485329792686
NGA,Enugu,waste,2023,26002.559490808588
NGA,Enugu,agriculture,2024,9233.32168130261
NGA,Enugu,buildings-fuel-use,2024,31401.837800017795
NGA,Enugu,fossil-fuel-operations,2024,4462.460674425593
NGA,Enugu,land-use-change,2024,1.1571795894503245e-08
NGA,Enugu,manufacturing,2024,29.87448776527227
NGA,Enugu,power,2024,0.0
NGA,Enugu,transportation,2024,39.84470228593353
NGA,Enugu,waste,2024,26522.326316162493
NGA,Enugu,agriculture,2025,9476.354964319082
NGA,Enugu,buildings-fuel-use,2025,31682.46782843127
NGA,Enugu,fossil-fuel-operations,2025,4462.46067442562
NGA,Enugu,land-use-change,2025,1.8134990437727245e-08
NGA,Enugu,manufacturing,2025,29.874487765272946
NGA,Enugu,power,2025,0.0
NGA,Enugu,transportation,2025,41.04252197913258
NGA,Enugu,waste,2025,26984.912761742256
NGA,Enugu,agriculture,2026,4499.926914123366
NGA,Enugu,buildings-fuel-use,2026,13222.902472607992
NGA,Enugu,fossil-fuel-operations,2026,1858.4691547342093
NGA,Enugu,land-use-change,2026,5.093420611414914e-10
NGA,Enugu,manufacturing,2026,12.410851790563914
NGA,Enugu,power,2026,0.0
NGA,Enugu,transportation,2026,17.16141967755506
NGA,Enugu,waste,2026,11146.977152883675
USA,California,agriculture,2021,847969.4980386128
USA,California,buildings-fuel-use,2021,35437.49350549096
USA,California,fossil-fuel-operations,2021,193423.92558583332
USA,California,land-use-change,2021,18999.719741616314
USA,California,manufacturing,2021,821.6273022935554
USA,California,power,2021,0.0
USA,California,transportation,2021,4746.801830174614
USA,California,waste,2021,423166.39251347206
USA,California,agriculture,2022,808681.9275493508
USA,California,buildings-fuel-use,2022,36997.25127892126
USA,California,fossil-fuel-operations,2022,177025.0431474421
USA,California,land-use-change,2022,18490.55176628446
USA,California,manufacturing,2022,810.0733798003566
USA,California,power,2022,0.0
USA,California,transportation,2022,4836.779434440338
USA,California,waste,2022,429953.443960869
USA,California,agriculture,2023,817936.4417028369
USA,California,buildings-fuel-use,2023,37243.913880064
USA,California,fossil-fuel-operations,2023,181578.582811415
USA,California,land-use-change,2023,23137.250668160083
USA,California,manufacturing,2023,782.9801482656794
USA,California,power,2023,0.0
USA,California,transportation,2023,4794.901147443933
USA,California,waste,2023,450289.7364045968
USA,California,agriculture,2024,817500.9601391266
USA,California,buildings-fuel-use,2024,37451.53462859408
USA,California,fossil-fuel-operations,2024,180193.6307336733
USA,California,land-use-change,2024,23537.928107978994
USA,California,manufacturing,2024,782.9801460386468
USA,California,power,2024,0.0
USA,California,transportation,2024,5085.424720491984
USA,California,waste,2024,443214.8392000311
USA,California,agriculture,2025,817835.7725059516
USA,California,buildings-fuel-use,2025,37576.30451570405
USA,California,fossil-fuel-operations,2025,161855.06792442864
USA,California,land-use-change,2025,23321.86300823698
USA,California,manufacturing,2025,782.980144949073
USA,California,power,2025,0.0
USA,California,transportation,2025,5095.253436139456
USA,California,waste,2025,445122.6764697977
USA,California,agriculture,2026,334415.4628815379
USA,California,buildings-fuel-use,2026,17258.567900686292
USA,California,fossil-fuel-operations,2026,68417.2908405624
USA,California,land-use-change,2026,7112.528833838814
USA,California,manufacturing,2026,326.4618898498927
USA,California,power,2026,0.0
USA,California,transportation,2026,2086.3241093484776
USA,California,waste,2026,186190.02188849903
USA,Colorado,agriculture,2021,764211.0749469757
USA,Colorado,buildings-fuel-use,2021,6980.290004083735
USA,Colorado,fossil-fuel-operations,2021,858546.4453436038
USA,Colorado,land-use-change,2021,3791.5696141248895
USA,Colorado,manufacturing,2021,122.57891789077254
USA,Colorado,power,2021,0.0
USA,Colorado,transportation,2021,768.1640485300414
USA,Colorado,waste,2021,76345.30137854739
USA,Colorado,agriculture,2022,746828.5284340669
USA,Colorado,buildings-fuel-use,2022,7543.6058928292705
USA,Colorado,fossil-fuel-operations,2022,862297.9295738688
USA,Colorado,land-use-change,2022,3506.7575931118217
USA,Colorado,manufacturing,2022,119.92742418572269
USA,Colorado,power,2022,0.0
USA,Colorado,transportation,2022,790.6183863003024
USA,Colorado,waste,2022,73063.41942247294
USA,Colorado,agriculture,2023,742670.331681637
USA,Colorado,buildings-fuel-use,2023,7598.02795433864
USA,Colorado,fossil-fuel-operations,2023,850202.7581078156
USA,Colorado,land-use-change,2023,3873.3368483673576
USA,Colorado,manufacturing,2023,113.72684574553502
USA,Colorado,power,2023,0.0
USA,Colorado,transportation,2023,796.8847240858893
USA,Colorado,waste,2023,70604.72793546761
USA,Colorado,agriculture,2024,754733.9605495868
USA,Colorado,buildings-fuel-use,2024,7677.36809553434
USA,Colorado,fossil-fuel-operations,2024,837776.2607089243
USA,Colorado,land-use-change,2024,4084.868638103809
USA,Colorado,manufacturing,2024,113.72684523682702
USA,Colorado,power,2024,0.0
USA,Colorado,transportation,2024,804.5895172964006
USA,Colorado,waste,2024,71904.72524743865
USA,Colorado,agriculture,2025,754733.8629189336
USA,Colorado,buildings-fuel-use,2025,7737.8727345871
USA,Colorado,fossil-fuel-operations,2025,810597.2744995622
USA,Colorado,land-use-change,2025,3911.806778239153
USA,Colorado,manufacturing,2025,113.72684498930307
USA,Colorado,power,2025,0.0
USA,Colorado,transportation,2025,809.2029362834166
USA,Colorado,waste,2025,72436.9078194484
USA,Colorado,agriculture,2026,304518.238002201
USA,Colorado,buildings-fuel-use,2026,3624.304533430858
USA,Colorado,fossil-fuel-operations,2026,332133.61692314147
USA,Colorado,land-use-change,2026,909.1746703540506
USA,Colorado,manufacturing,2026,47.40490954925461
USA,Colorado,power,2026,0.0
USA,Colorado,transportation,2026,336.1214906501425
USA,Colorado,waste,2026,30384.764326755587
USA,Maryland,agriculture,2021,9634.93738058869
USA,Maryland,buildings-fuel-use,2021,6474.505267136486
USA,Maryland,fossil-fuel-operations,2021,9841.461459775112
USA,Maryland,land-use-change,2021,391.7917429905592
USA,Maryland,manufacturing,2021,78.88659116638117
USA,Maryland,power,2021,0.0
USA,Maryland,transportation,2021,972.5057113332624
USA,Maryland,waste,2021,58838.78428300361
USA,Maryland,agriculture,2022,9322.512338941136
USA,Maryland,buildings-fuel-use,2022,6905.303801336992
USA,Maryland,fossil-fuel-operations,2022,11173.718096080058
USA,Maryland,land-use-change,2022,408.92503153712585
USA,Maryland,manufacturing,2022,76.39421846089303
USA,Maryland,power,2022,0.0
USA,Maryland,transportation,2022,1140.7938240339745
USA,Maryland,waste,2022,60912.23226224205
USA,Maryland,agriculture,2023,9239.078682322504
USA,Maryland,buildings-fuel-use,2023,6872.135856850192
USA,Maryland,fossil-fuel-operations,2023,10554.481840629083
USA,Maryland,land-use-change,2023,386.7093472651436
USA,Maryland,manufacturing,2023,70.61563907857246
USA,Maryland,power,2023,0.0
USA,Maryland,transportation,2023,979.0822900187134
USA,Maryland,waste,2023,62297.02921934441
USA,Maryland,agriculture,2024,12714.18467588345
USA,Maryland,buildings-fuel-use,2024,6922.126254151634
USA,Maryland,fossil-fuel-operations,2024,7933.368752465202
USA,Maryland,land-use-change,2024,382.8031753169803
USA,Maryland,manufacturing,2024,70.61563860316494
USA,Maryland,power,2024,0.0
USA,Maryland,transportation,2024,1082.2360599642557
USA,Maryland,waste,2024,63639.63846095422
USA,Maryland,agriculture,2025,12714.2044847078
USA,Maryland,buildings-fuel-use,2025,6954.5640050456295
USA,Maryland,fossil-fuel-operations,2025,5464.316502859724
USA,Maryland,land-use-change,2025,389.2075891121645
USA,Maryland,manufacturing,2025,70.61563837237713
USA,Maryland,power,2025,0.0
USA,Maryland,transportation,2025,1096.499489627941
USA,Maryland,waste,2025,63983.76531879205
USA,Maryland,agriculture,2026,5119.958658678552
USA,Maryland,buildings-fuel-use,2026,3362.2091202874035
USA,Maryland,fossil-fuel-operations,2026,2272.384249523356
USA,Maryland,land-use-change,2026,140.33011380924435
USA,Maryland,manufacturing,2026,29.42733770335056
USA,Maryland,power,2026,0.0
USA,Maryland,transportation,2026,443.6886929631868
USA,Maryland,waste,2026,26864.54752014324
ZAF,Gauteng,agriculture,2021,18180.72494935938
ZAF,Gauteng,buildings-fuel-use,2021,19992.78573378197
ZAF,Gauteng,fossil-fuel-operations,2021,22598.55750856276
ZAF,Gauteng,land-use-change,2021,467.0126720312821
ZAF,Gauteng,manufacturing,2021,1576.428065027047
ZAF,Gauteng,power,2021,0.0
ZAF,Gauteng,transportation,2021,454.3436347312006
ZAF,Gauteng,waste,2021,177809.18843339186
ZAF,Gauteng,agriculture,2022,18122.473561900064
ZAF,Gauteng,buildings-fuel-use,2022,19568.183213162163
ZAF,Gauteng,fossil-fuel-operations,2022,22090.53833142595
ZAF,Gauteng,land-use-change,2022,464.3033084435232
ZAF,Gauteng,manufacturing,2022,1595.69509604635
ZAF,Gauteng,power,2022,0.0
ZAF,Gauteng,transportation,2022,462.6112814624069
ZAF,Gauteng,waste,2022,180826.94047012035
ZAF,Gauteng,agriculture,2023,18156.618985067544
ZAF,Gauteng,buildings-fuel-use,2023,20040.23550141942
ZAF,Gauteng,fossil-fuel-operations,2023,21989.21362420975
ZAF,Gauteng,land-use-change,2023,456.81252760156383
ZAF,Gauteng,manufacturing,2023,1924.9930073002388
ZAF,Gauteng,power,2023,0.0
ZAF,Gauteng,transportation,2023,467.97011509701
ZAF,Gauteng,waste,2023,183788.71302698605
ZAF,Gauteng,agriculture,2024,17994.779875873573
ZAF,Gauteng,buildings-fuel-use,2024,20200.89029929982
ZAF,Gauteng,fossil-fuel-operations,2024,21858.80535437788
ZAF,Gauteng,land-use-change,2024,425.7056396210876
ZAF,Gauteng,manufacturing,2024,1924.9930072204936
ZAF,Gauteng,power,2024,0.0
ZAF,Gauteng,transportation,2024,468.3170966477333
ZAF,Gauteng,waste,2024,185423.73541773035
ZAF,Gauteng,agriculture,2025,18014.92069515931
ZAF,Gauteng,buildings-fuel-use,2025,20353.818951049405
ZAF,Gauteng,fossil-fuel-operations,2025,21858.80535437673
ZAF,Gauteng,land-use-change,2025,460.2805031848103
ZAF,Gauteng,manufacturing,2025,1924.9930072444704
ZAF,Gauteng,power,2025,0.0
ZAF,Gauteng,transportation,2025,473.82451609462606
ZAF,Gauteng,waste,2025,186957.14570536523
ZAF,Gauteng,agriculture,2026,7436.4472651596625
ZAF,Gauteng,buildings-fuel-use,2026,7429.059032018777
ZAF,Gauteng,fossil-fuel-operations,2026,9091.113641829676
ZAF,Gauteng,land-use-change,2026,205.9146671520263
ZAF,Gauteng,manufacturing,2026,800.7485780970412
ZAF,Gauteng,power,2026,0.0
ZAF,Gauteng,transportation,2026,196.24859059606692
ZAF,Gauteng,waste,2026,78700.86959863933
ZAF,Western Cape,agriculture,2021,109220.05808830916
ZAF,Western Cape,buildings-fuel-use,2021,9689.221769974536
ZAF,Western Cape,fossil-fuel-operations,2021,1348.4660642738147
ZAF,Western Cape,land-use-change,2021,2676.255175753673
ZAF,Western Cape,manufacturing,2021,741.8702238401877
ZAF,Western Cape,power,2021,0.0
ZAF,Western Cape,transportation,2021,275.9303947822431
ZAF,Western Cape,waste,2021,83850.92147990518
ZAF,Western Cape,agriculture,2022,108168.733351802
ZAF,Western Cape,buildings-fuel-use,2022,9491.859852991762
ZAF,Western Cape,fossil-fuel-operations,2022,890.1001794049173
ZAF,Western Cape,land-use-change,2022,2797.2443526413063
ZAF,Western Cape,manufacturing,2022,749.8475523909483
ZAF,Western Cape,power,2022,0.0
ZAF,Western Cape,transportation,2022,488.28868689012495
ZAF,Western Cape,waste,2022,85277.29896399204
ZAF,Western Cape,agriculture,2023,109118.63649180476
ZAF,Western Cape,buildings-fuel-use,2023,9811.169272355082
ZAF,Western Cape,fossil-fuel-operations,2023,798.9142778644301
ZAF,Western Cape,land-use-change,2023,2902.343378766219
ZAF,Western Cape,manufacturing,2023,904.1808077429988
ZAF,Western Cape,power,2023,0.0
ZAF,Western Cape,transportation,2023,272.52257908503424
ZAF,Western Cape,waste,2023,86677.29636221807
ZAF,Western Cape,agriculture,2024,106487.04108566078
ZAF,Western Cape,buildings-fuel-use,2024,9914.623178165504
ZAF,Western Cape,fossil-fuel-operations,2024,746.979014546581
ZAF,Western Cape,land-use-change,2024,3056.6370028292163
ZAF,Western Cape,manufacturing,2024,904.1808077056758
ZAF,Western Cape,power,2024,0.0
ZAF,Western Cape,transportation,2024,348.8019158975988
ZAF,Western Cape,waste,2024,87453.9880397112
ZAF,Western Cape,agriculture,2025,106696.64865339355
ZAF,Western Cape,buildings-fuel-use,2025,10015.398284220602
ZAF,Western Cape,fossil-fuel-operations,2025,749.1057339701565
ZAF,Western Cape,land-use-change,2025,3036.994132898481
ZAF,Western Cape,manufacturing,2025,904.1808077168976
ZAF,Western Cape,power,2025,0.0
ZAF,Western Cape,transportation,2025,332.07453722526645
ZAF,Western Cape,waste,2025,88185.34767252248
ZAF,Western Cape,agriculture,2026,45534.48592082141
ZAF,Western Cape,buildings-fuel-use,2026,3537.758801785434
ZAF,Western Cape,fossil-fuel-operations,2026,309.22468589890696
ZAF,Western Cape,land-use-change,2026,1455.1718654629244
ZAF,Western Cape,manufacturing,2026,376.1186614263359
ZAF,Western Cape,power,2026,0.0
ZAF,Western Cape,transportation,2026,149.85477750926705
ZAF,Western Cape,waste,2026,37122.783442129934
